agente	tipo_acao	base_consultada	regras_disponiveis_na_base	regras_ativadas_execucao_real	rule_ids_ativados	regras_usadas_na_decisao_final	lacuna
MONITOR	POSICIONAR (soltura_usuario)	regras_dominio.jsonl	17	4	R-DOM-COMP-001;R-DOM-COMP-002;R-DOM-TRANS-001;R-DOM-TRANS-002	0	Regras de dominio descrevem o CONTEXTO (papeis validos da categoria) — usedInFinalDecision sempre false porque o veredito continua vindo da comparacao deterministica de papeis (ScaffoldingQuestionamento.papeisCompativeis), nao das regras de dominio. Nao e uma lacuna de cobertura, e decisao de arquitetura da rodada 2 (nao substituir logica ja validada por inferencia de regras).
MONITOR	SELECIONAR_CATEGORIA (selecao_categoria)	nenhuma	0	nao_exercitado_nesta_execucao	-	nao_exercitado_nesta_execucao	avaliarCategoria faz comparacao direta (categoriaEscolhida==categoriaCorreta), sem consultar motorRegrasConhecimento — nenhuma regra da base de dominio se aplica a escolha da categoria em si (as regras de dominio validam papeis DENTRO de uma categoria ja certa). O harness desta rodada nao simula selecao de categoria (situacao pre-selecionada), entao nao ha evento real desta acao nesta execucao especifica — mas o comportamento (nenhuma regra consultada) e o mesmo comportamento ja documentado no codigo, nao um dado inventado.
MONITOR	SELECIONAR_SINAL (selecao_sinal)	nenhuma	0	nao_exercitado_nesta_execucao	-	nao_exercitado_nesta_execucao	avaliarSinalNumeroRelativo so recebe o booleano ja decidido por Main.sinalEscolhidoCorrespondeAoCurado — nao tem contexto de papel/categoria suficiente pra consultar regra nenhuma (R-DOM-SINAL-* exigiriam expor evento_semantico ganho/perda, mudanca maior, fora de escopo desta rodada). Harness desta execucao nao passou por nenhum passo de sinal.
MONITOR	QUANTIFICAR (quantificacao)	nenhuma	0	0	-	0	avaliarValorIncognita so recebe o booleano ja decidido por Main.valorDigitadoCorrespondeAoCurado — mesma limitacao de SELECIONAR_SINAL. 14 eventos reais desta acao nesta execucao, 0 regras consultadas (confirmado, nao suposicao).
ZDP	POSICIONAR (soltura_usuario)	regras_pedagogicas.jsonl	14	0	-	0	Nesta execucao real, nenhum evento CANONICO de POSICIONAR teve >=2 erros consecutivos sem ajuda (R-PED-001) nem 3-5 erros totais sem ajuda (R-PED-002) simultaneamente ao momento da decisao canonica — a unica sequencia de erro real do episodio (Jamile S9, GESTO-0005/0006) nao chega a acionar o gatilho da regra no momento exato da decisao canonica. R-PED-001 SIM disparou nas reavaliacoes reativas subsequentes (ver linha "reativas" abaixo) — a regra existe e funciona, so nao coincidiu com uma decisao canonica nesta execucao especifica.
ZDP	POSICIONAR — reavaliacoes reativas (sincronizacao_representacoes / reavaliacao_consistencia)	regras_pedagogicas.jsonl	14	1	R-PED-001	1	Real: R-PED-001 (>=2 erros consecutivos sem ajuda) disparou e foi usada em avaliarSemAlterarEstado (dry-run) durante o arraste subsequente ao erro real de Jamile S9 — confirma que a base pedagogica esta de fato ligada e ativa, so nao expresso na linha canonica porque a decisao real ja tinha sido tomada antes.
ZDP	SELECIONAR_CATEGORIA / SELECIONAR_SINAL	regras_pedagogicas.jsonl	14	nao_exercitado_nesta_execucao	-	nao_exercitado_nesta_execucao	decidirEstrategia e generico (mesma logica pra qualquer chavePapelAlvo) — deveria consultar a base normalmente se exercitado; harness desta execucao nao gerou eventos canonicos destas origens.
ZDP	QUANTIFICAR (quantificacao)	regras_pedagogicas.jsonl	14	0	-	0	14 eventos canonicos reais desta acao, 0 rules_fired — nenhum teve erro consecutivo suficiente no momento da decisao (situacoes replay do harness majoritariamente corretas nesta acao).
MODELADOR	Todas as acoes (POSICIONAR/QUANTIFICAR/reativas)	nenhuma	0	0	-	0	armazenarCaso (acao 1: registrar caso) nao chama motorRegrasConhecimento em nenhum ponto do codigo — confirmado por leitura direta de AgenteModelador.java, nao suposicao. A acao 2 (inferirRegras, PART+Apriori sobre os 432 registros integrados) existe em InferenciaRegrasModelador mas roda SOB DEMANDA, nao por acao do usuario — por isso nunca aparece em rules_fired de um evento de acao real.
