historinha	idioma	trechos_preenchidos	id_da_situacao
comparacao_medidas/01_paulo_e_jose_historinha	en	0	IN_COMPARACAO_MEDIDAS_bolas_1388429065
comparacao_medidas/01_paulo_e_jose_historinha	fr	0	FR_COMPARACAO_MEDIDAS_bolas_642715490
comparacao_medidas/01_paulo_e_jose_historinha	pt-BR	3	PO_COMPARACAO_MEDIDAS_bolas_487868670
comparacao_medidas/02_marcus_e_jardel_historinha	en	0	IN_COMPARACAO_MEDIDAS_carrinhos_680661635
comparacao_medidas/02_marcus_e_jardel_historinha	fr	0	FR_COMPARACAO_MEDIDAS_carrinhos_2108625552
comparacao_medidas/02_marcus_e_jardel_historinha	pt-BR	0	PO_COMPARACAO_MEDIDAS_carrinhos_1292854684
comparacao_medidas/03_ingrid_e_ligianne_historinha	en	0	IN_COMPARACAO_MEDIDAS_dinheiro_74721514
comparacao_medidas/03_ingrid_e_ligianne_historinha	fr	0	FR_COMPARACAO_MEDIDAS_dinheiro_1566253774
comparacao_medidas/03_ingrid_e_ligianne_historinha	pt-BR	0	PO_COMPARACAO_MEDIDAS_dinheiro_667564143
comparacao_medidas/04_jammes_e_gisele_historinha	en	0	IN_COMPARACAO_MEDIDAS_cds_2006555005
comparacao_medidas/04_jammes_e_gisele_historinha	fr	0	FR_COMPARACAO_MEDIDAS_cds_268242115
comparacao_medidas/04_jammes_e_gisele_historinha	pt-BR	0	PO_COMPARACAO_MEDIDAS_cds_1222854862
comparacao_medidas/05_claudia_e_joana_historinha	en	0	IN_COMPARACAO_MEDIDAS_dinheiro_414982151
comparacao_medidas/05_claudia_e_joana_historinha	fr	0	FR_COMPARACAO_MEDIDAS_dinheiro_1582050380
comparacao_medidas/05_claudia_e_joana_historinha	pt-BR	0	PO_COMPARACAO_MEDIDAS_dinheiro_2123535490
comparacao_medidas/06_claudenice_e_nadia_historinha	en	0	IN_COMPARACAO_MEDIDAS_dinheiro_1211292523
comparacao_medidas/06_claudenice_e_nadia_historinha	fr	0	FR_COMPARACAO_MEDIDAS_dinheiro_1556037952
comparacao_medidas/06_claudenice_e_nadia_historinha	pt-BR	0	PO_COMPARACAO_MEDIDAS_dinheiro_1527166754
composicao_relacoes/01_carlos_joao_pedro_dinheiro_historinha	en	0	IN_COMPOSICAO_RELACOES_dinheiro_1274013472
composicao_relacoes/01_carlos_joao_pedro_dinheiro_historinha	fr	0	FR_COMPOSICAO_RELACOES_dinheiro_1876731889
composicao_relacoes/01_carlos_joao_pedro_dinheiro_historinha	pt-BR	0	PO_COMPOSICAO_RELACOES_dinheiro_161113042
composicao_relacoes/02_maria_joao_carla_idades_historinha	en	0	IN_COMPOSICAO_RELACOES_idades_803396257
composicao_relacoes/02_maria_joao_carla_idades_historinha	fr	0	FR_COMPOSICAO_RELACOES_idades_1667173613
composicao_relacoes/02_maria_joao_carla_idades_historinha	pt-BR	3	PO_COMPOSICAO_RELACOES_idades_642701604
composicao_transformacoes/01_joao_bilas_historinha	en	0	IN_COMPOSICAO_TRANSFORMACOES_bolas_1019033918
composicao_transformacoes/01_joao_bilas_historinha	fr	0	FR_COMPOSICAO_TRANSFORMACOES_bolas_1696962596
composicao_transformacoes/01_joao_bilas_historinha	pt-BR	0	PO_COMPOSICAO_TRANSFORMACOES_bolas_509261012
composicao_transformacoes/02_manuel_figurinhas_historinha	en	0	IN_COMPOSICAO_TRANSFORMACOES_figurinhas_298753118
composicao_transformacoes/02_manuel_figurinhas_historinha	fr	0	FR_COMPOSICAO_TRANSFORMACOES_figurinhas_1095325411
composicao_transformacoes/02_manuel_figurinhas_historinha	pt-BR	0	PO_COMPOSICAO_TRANSFORMACOES_figurinhas_2105853102
composicao_transformacoes/03_geisa_chocolates_historinha	en	0	IN_TRANSFORMACAO_COMPOSTA_DOIS_PASSOS_guloseimas_49184360
composicao_transformacoes/03_geisa_chocolates_historinha	fr	0	FR_TRANSFORMACAO_COMPOSTA_DOIS_PASSOS_guloseimas_464948667
composicao_transformacoes/03_geisa_chocolates_historinha	pt-BR	0	PO_TRANSFORMACAO_COMPOSTA_DOIS_PASSOS_guloseimas_400916186
composicao_transformacoes/04_vovo_rosas_historinha	en	0	IN_COMPOSICAO_TRANSFORMACAO_MEDIDAS_flores_284762576
composicao_transformacoes/04_vovo_rosas_historinha	fr	0	FR_COMPOSICAO_TRANSFORMACAO_MEDIDAS_flores_1386707023
composicao_transformacoes/04_vovo_rosas_historinha	pt-BR	6	PO_COMPOSICAO_TRANSFORMACAO_MEDIDAS_flores_422431114
composicao_transformacoes/05_geisa_e_a_caixa_de_chocolates_historinha	en	0	IN_TRANSFORMACAO_COMPOSTA_DOIS_PASSOS_chocolates_1699321159
composicao_transformacoes/05_geisa_e_a_caixa_de_chocolates_historinha	fr	0	FR_TRANSFORMACAO_COMPOSTA_DOIS_PASSOS_chocolates_450698522
composicao_transformacoes/05_geisa_e_a_caixa_de_chocolates_historinha	pt-BR	0	PO_TRANSFORMACAO_COMPOSTA_DOIS_PASSOS_chocolates_1269597383
transformacao_medidas/01_andrea_boneca_historinha	en	0	IN_TRANSFORMACAO_MEDIDAS_dinheiro_e_brinquedos_525352606
transformacao_medidas/01_andrea_boneca_historinha	fr	0	FR_TRANSFORMACAO_MEDIDAS_dinheiro_e_brinquedos_1765404383
transformacao_medidas/01_andrea_boneca_historinha	pt-BR	3	PO_TRANSFORMACAO_MEDIDAS_dinheiro_e_brinquedos_188709799
transformacao_medidas/02_maria_e_as_figurinhas_historinha	en	0	IN_TRANSFORMACAO_MEDIDAS_figurinhas_2006515770
transformacao_medidas/02_maria_e_as_figurinhas_historinha	fr	0	FR_TRANSFORMACAO_MEDIDAS_figurinhas_1939875172
transformacao_medidas/02_maria_e_as_figurinhas_historinha	pt-BR	0	PO_TRANSFORMACAO_MEDIDAS_figurinhas_1595370160
transformacao_medidas/03_maria_na_feira_historinha	en	0	IN_TRANSFORMACAO_MEDIDAS_frutas_e_verduras_2124664773
transformacao_medidas/03_maria_na_feira_historinha	fr	0	FR_TRANSFORMACAO_MEDIDAS_frutas_e_verduras_238789438
transformacao_medidas/03_maria_na_feira_historinha	pt-BR	0	PO_TRANSFORMACAO_MEDIDAS_frutas_e_verduras_365604840
transformacao_medidas/04_nadia_e_os_morangos_historinha	en	0	IN_TRANSFORMACAO_MEDIDAS_frutas_727332787
transformacao_medidas/04_nadia_e_os_morangos_historinha	fr	0	FR_TRANSFORMACAO_MEDIDAS_frutas_1604626860
transformacao_medidas/04_nadia_e_os_morangos_historinha	pt-BR	0	PO_TRANSFORMACAO_MEDIDAS_frutas_93128185
transformacao_medidas/05_leandro_e_as_balas_historinha	en	0	IN_TRANSFORMACAO_MEDIDAS_balas_1673463544
transformacao_medidas/05_leandro_e_as_balas_historinha	fr	0	FR_TRANSFORMACAO_MEDIDAS_balas_1406833657
transformacao_medidas/05_leandro_e_as_balas_historinha	pt-BR	0	PO_TRANSFORMACAO_MEDIDAS_balas_2108939476
transformacao_medidas/06_paulo_e_as_bolas_historinha	en	0	IN_TRANSFORMACAO_MEDIDAS_bolas_567206280
transformacao_medidas/06_paulo_e_as_bolas_historinha	fr	0	FR_TRANSFORMACAO_MEDIDAS_bolas_2030296152
transformacao_medidas/06_paulo_e_as_bolas_historinha	pt-BR	0	PO_TRANSFORMACAO_MEDIDAS_bolas_163355672
transformacao_medidas/07_lucas_e_as_figurinhas_do_tio_historinha	en	0	IN_TRANSFORMACAO_MEDIDAS_figurinhas_120596356
transformacao_medidas/07_lucas_e_as_figurinhas_do_tio_historinha	fr	0	FR_TRANSFORMACAO_MEDIDAS_figurinhas_1501838093
transformacao_medidas/07_lucas_e_as_figurinhas_do_tio_historinha	pt-BR	3	PO_TRANSFORMACAO_MEDIDAS_figurinhas_1775031040
transformacao_relacao/01_julia_maria_bonecas_historinha	en	0	IN_TRANSFORMACAO_RELACAO_bonecas_1433474852
transformacao_relacao/01_julia_maria_bonecas_historinha	fr	0	FR_TRANSFORMACAO_RELACAO_bonecas_405276910
transformacao_relacao/01_julia_maria_bonecas_historinha	pt-BR	3	PO_TRANSFORMACAO_RELACAO_bonecas_620955739
transformacao_relacao/02_ana_bia_figurinhas_historinha	en	0	IN_TRANSFORMACAO_RELACAO_figurinhas_1241847048
transformacao_relacao/02_ana_bia_figurinhas_historinha	fr	0	FR_TRANSFORMACAO_RELACAO_figurinhas_491362201
transformacao_relacao/02_ana_bia_figurinhas_historinha	pt-BR	3	PO_TRANSFORMACAO_RELACAO_figurinhas_1283157032
