situacao	status	apoio	referencia	idioma	trechos	acionada	passos_sem_aviso_no_limite
FR_COMPARACAO_MEDIDAS_bolas_642715490	OK	HISTORINHA_ILUSTRADA	comparacao_medidas/01_paulo_e_jose_historinha			True	True
FR_COMPARACAO_MEDIDAS_carrinhos_2108625552	OK	HISTORINHA_ILUSTRADA	comparacao_medidas/02_marcus_e_jardel_historinha			True	True
FR_COMPARACAO_MEDIDAS_cds_268242115	OK	HISTORINHA_ILUSTRADA	comparacao_medidas/04_jammes_e_gisele_historinha			True	True
FR_COMPARACAO_MEDIDAS_dinheiro_1556037952	OK	HISTORINHA_ILUSTRADA	comparacao_medidas/06_claudenice_e_nadia_historinha			True	True
FR_COMPARACAO_MEDIDAS_dinheiro_1566253774	OK	HISTORINHA_ILUSTRADA	comparacao_medidas/03_ingrid_e_ligianne_historinha			True	True
FR_COMPARACAO_MEDIDAS_dinheiro_1582050380	OK	HISTORINHA_ILUSTRADA	comparacao_medidas/05_claudia_e_joana_historinha			True	True
FR_COMPOSICAO_RELACOES_dinheiro_1876731889	OK	HISTORINHA_ILUSTRADA	composicao_relacoes/01_carlos_joao_pedro_dinheiro_historinha			True	True
FR_COMPOSICAO_RELACOES_idades_1667173613	OK	HISTORINHA_ILUSTRADA	composicao_relacoes/02_maria_joao_carla_idades_historinha			True	True
FR_COMPOSICAO_TRANSFORMACAO_MEDIDAS_flores_1386707023	OK	HISTORINHA_ILUSTRADA	composicao_transformacoes/04_vovo_rosas_historinha			True	True
FR_COMPOSICAO_TRANSFORMACOES_bolas_1696962596	OK	HISTORINHA_ILUSTRADA	composicao_transformacoes/01_joao_bilas_historinha			True	True
FR_COMPOSICAO_TRANSFORMACOES_figurinhas_1095325411	OK	HISTORINHA_ILUSTRADA	composicao_transformacoes/02_manuel_figurinhas_historinha			True	True
FR_TRANSFORMACAO_COMPOSTA_DOIS_PASSOS_chocolates_450698522	OK	HISTORINHA_ILUSTRADA	composicao_transformacoes/05_geisa_e_a_caixa_de_chocolates_historinha			True	True
FR_TRANSFORMACAO_COMPOSTA_DOIS_PASSOS_guloseimas_464948667	OK	HISTORINHA_ILUSTRADA	composicao_transformacoes/03_geisa_chocolates_historinha			True	True
FR_TRANSFORMACAO_MEDIDAS_balas_1406833657	OK	HISTORINHA_ILUSTRADA	transformacao_medidas/05_leandro_e_as_balas_historinha			True	True
FR_TRANSFORMACAO_MEDIDAS_bolas_2030296152	OK	HISTORINHA_ILUSTRADA	transformacao_medidas/06_paulo_e_as_bolas_historinha			True	True
FR_TRANSFORMACAO_MEDIDAS_dinheiro_e_brinquedos_1765404383	OK	HISTORINHA_ILUSTRADA	transformacao_medidas/01_andrea_boneca_historinha			True	True
FR_TRANSFORMACAO_MEDIDAS_figurinhas_1501838093	OK	HISTORINHA_ILUSTRADA	transformacao_medidas/07_lucas_e_as_figurinhas_do_tio_historinha			True	True
FR_TRANSFORMACAO_MEDIDAS_figurinhas_1939875172	OK	HISTORINHA_ILUSTRADA	transformacao_medidas/02_maria_e_as_figurinhas_historinha			True	True
FR_TRANSFORMACAO_MEDIDAS_frutas_1604626860	OK	HISTORINHA_ILUSTRADA	transformacao_medidas/04_nadia_e_os_morangos_historinha			True	True
FR_TRANSFORMACAO_MEDIDAS_frutas_e_verduras_238789438	OK	HISTORINHA_ILUSTRADA	transformacao_medidas/03_maria_na_feira_historinha			True	True
FR_TRANSFORMACAO_RELACAO_bonecas_405276910	OK	HISTORINHA_ILUSTRADA	transformacao_relacao/01_julia_maria_bonecas_historinha			True	True
FR_TRANSFORMACAO_RELACAO_figurinhas_491362201	OK	HISTORINHA_ILUSTRADA	transformacao_relacao/02_ana_bia_figurinhas_historinha			True	True
IN_COMPARACAO_MEDIDAS_bolas_1388429065	OK	HISTORINHA_ILUSTRADA	comparacao_medidas/01_paulo_e_jose_historinha			True	True
IN_COMPARACAO_MEDIDAS_carrinhos_680661635	OK	HISTORINHA_ILUSTRADA	comparacao_medidas/02_marcus_e_jardel_historinha			True	True
IN_COMPARACAO_MEDIDAS_cds_2006555005	OK	HISTORINHA_ILUSTRADA	comparacao_medidas/04_jammes_e_gisele_historinha			True	True
IN_COMPARACAO_MEDIDAS_dinheiro_1211292523	OK	HISTORINHA_ILUSTRADA	comparacao_medidas/06_claudenice_e_nadia_historinha			True	True
IN_COMPARACAO_MEDIDAS_dinheiro_414982151	OK	HISTORINHA_ILUSTRADA	comparacao_medidas/05_claudia_e_joana_historinha			True	True
IN_COMPARACAO_MEDIDAS_dinheiro_74721514	OK	HISTORINHA_ILUSTRADA	comparacao_medidas/03_ingrid_e_ligianne_historinha			True	True
IN_COMPOSICAO_RELACOES_dinheiro_1274013472	OK	HISTORINHA_ILUSTRADA	composicao_relacoes/01_carlos_joao_pedro_dinheiro_historinha			True	True
IN_COMPOSICAO_RELACOES_idades_803396257	OK	HISTORINHA_ILUSTRADA	composicao_relacoes/02_maria_joao_carla_idades_historinha			True	True
IN_COMPOSICAO_TRANSFORMACAO_MEDIDAS_flores_284762576	OK	HISTORINHA_ILUSTRADA	composicao_transformacoes/04_vovo_rosas_historinha			True	True
IN_COMPOSICAO_TRANSFORMACOES_bolas_1019033918	OK	HISTORINHA_ILUSTRADA	composicao_transformacoes/01_joao_bilas_historinha			True	True
IN_COMPOSICAO_TRANSFORMACOES_figurinhas_298753118	OK	HISTORINHA_ILUSTRADA	composicao_transformacoes/02_manuel_figurinhas_historinha			True	True
IN_TRANSFORMACAO_COMPOSTA_DOIS_PASSOS_chocolates_1699321159	OK	HISTORINHA_ILUSTRADA	composicao_transformacoes/05_geisa_e_a_caixa_de_chocolates_historinha			True	True
IN_TRANSFORMACAO_COMPOSTA_DOIS_PASSOS_guloseimas_49184360	OK	HISTORINHA_ILUSTRADA	composicao_transformacoes/03_geisa_chocolates_historinha			True	True
IN_TRANSFORMACAO_MEDIDAS_balas_1673463544	OK	HISTORINHA_ILUSTRADA	transformacao_medidas/05_leandro_e_as_balas_historinha			True	True
IN_TRANSFORMACAO_MEDIDAS_bolas_567206280	OK	HISTORINHA_ILUSTRADA	transformacao_medidas/06_paulo_e_as_bolas_historinha			True	True
IN_TRANSFORMACAO_MEDIDAS_dinheiro_e_brinquedos_525352606	OK	HISTORINHA_ILUSTRADA	transformacao_medidas/01_andrea_boneca_historinha			True	True
IN_TRANSFORMACAO_MEDIDAS_figurinhas_120596356	OK	HISTORINHA_ILUSTRADA	transformacao_medidas/07_lucas_e_as_figurinhas_do_tio_historinha			True	True
IN_TRANSFORMACAO_MEDIDAS_figurinhas_2006515770	OK	HISTORINHA_ILUSTRADA	transformacao_medidas/02_maria_e_as_figurinhas_historinha			True	True
IN_TRANSFORMACAO_MEDIDAS_frutas_727332787	OK	HISTORINHA_ILUSTRADA	transformacao_medidas/04_nadia_e_os_morangos_historinha			True	True
IN_TRANSFORMACAO_MEDIDAS_frutas_e_verduras_2124664773	OK	HISTORINHA_ILUSTRADA	transformacao_medidas/03_maria_na_feira_historinha			True	True
IN_TRANSFORMACAO_RELACAO_bonecas_1433474852	OK	HISTORINHA_ILUSTRADA	transformacao_relacao/01_julia_maria_bonecas_historinha			True	True
IN_TRANSFORMACAO_RELACAO_figurinhas_1241847048	OK	HISTORINHA_ILUSTRADA	transformacao_relacao/02_ana_bia_figurinhas_historinha			True	True
PO_COMPARACAO_MEDIDAS_bolas_487868670	OK	HISTORINHA_ILUSTRADA	comparacao_medidas/01_paulo_e_jose_historinha			True	True
PO_COMPARACAO_MEDIDAS_carrinhos_1292854684	OK	HISTORINHA_ILUSTRADA	comparacao_medidas/02_marcus_e_jardel_historinha			True	True
PO_COMPARACAO_MEDIDAS_cds_1222854862	OK	HISTORINHA_ILUSTRADA	comparacao_medidas/04_jammes_e_gisele_historinha			True	True
PO_COMPARACAO_MEDIDAS_dinheiro_1527166754	OK	HISTORINHA_ILUSTRADA	comparacao_medidas/06_claudenice_e_nadia_historinha			True	True
PO_COMPARACAO_MEDIDAS_dinheiro_2123535490	OK	HISTORINHA_ILUSTRADA	comparacao_medidas/05_claudia_e_joana_historinha			True	True
PO_COMPARACAO_MEDIDAS_dinheiro_667564143	OK	HISTORINHA_ILUSTRADA	comparacao_medidas/03_ingrid_e_ligianne_historinha			True	True
PO_COMPOSICAO_RELACOES_dinheiro_161113042	OK	HISTORINHA_ILUSTRADA	composicao_relacoes/01_carlos_joao_pedro_dinheiro_historinha			True	True
PO_COMPOSICAO_RELACOES_idades_642701604	OK	HISTORINHA_ILUSTRADA	composicao_relacoes/02_maria_joao_carla_idades_historinha	pt-BR	Maria é 4 anos mais velha que João | João é 2 anos mais velho que Carla | Qual é a diferença de idade entre Maria e Carla?	True	True
PO_COMPOSICAO_TRANSFORMACAO_MEDIDAS_flores_422431114	OK	HISTORINHA_ILUSTRADA	composicao_transformacoes/04_vovo_rosas_historinha	pt-BR	Vovó possui 2 rosas brancas | e 3 rosas amarelas | Deu 1 rosa branca | e 1 rosa amarela | para a sua netinha | Com quantas rosas vovó ficou	True	True
PO_COMPOSICAO_TRANSFORMACOES_bolas_509261012	OK	HISTORINHA_ILUSTRADA	composicao_transformacoes/01_joao_bilas_historinha			True	True
PO_COMPOSICAO_TRANSFORMACOES_figurinhas_2105853102	OK	HISTORINHA_ILUSTRADA	composicao_transformacoes/02_manuel_figurinhas_historinha			True	True
PO_TRANSFORMACAO_COMPOSTA_DOIS_PASSOS_chocolates_1269597383	OK	HISTORINHA_ILUSTRADA	composicao_transformacoes/05_geisa_e_a_caixa_de_chocolates_historinha			True	True
PO_TRANSFORMACAO_COMPOSTA_DOIS_PASSOS_guloseimas_400916186	OK	HISTORINHA_ILUSTRADA	composicao_transformacoes/03_geisa_chocolates_historinha			True	True
PO_TRANSFORMACAO_MEDIDAS_balas_2108939476	OK	HISTORINHA_ILUSTRADA	transformacao_medidas/05_leandro_e_as_balas_historinha			True	True
PO_TRANSFORMACAO_MEDIDAS_bolas_163355672	OK	HISTORINHA_ILUSTRADA	transformacao_medidas/06_paulo_e_as_bolas_historinha			True	True
PO_TRANSFORMACAO_MEDIDAS_dinheiro_e_brinquedos_188709799	OK	HISTORINHA_ILUSTRADA	transformacao_medidas/01_andrea_boneca_historinha			True	True
PO_TRANSFORMACAO_MEDIDAS_figurinhas_1595370160	OK	HISTORINHA_ILUSTRADA	transformacao_medidas/02_maria_e_as_figurinhas_historinha			True	True
PO_TRANSFORMACAO_MEDIDAS_figurinhas_1775031040	OK	HISTORINHA_ILUSTRADA	transformacao_medidas/07_lucas_e_as_figurinhas_do_tio_historinha			True	True
PO_TRANSFORMACAO_MEDIDAS_frutas_93128185	OK	HISTORINHA_ILUSTRADA	transformacao_medidas/04_nadia_e_os_morangos_historinha			True	True
PO_TRANSFORMACAO_MEDIDAS_frutas_e_verduras_365604840	OK	HISTORINHA_ILUSTRADA	transformacao_medidas/03_maria_na_feira_historinha			True	True
PO_TRANSFORMACAO_RELACAO_bonecas_620955739	OK	HISTORINHA_ILUSTRADA	transformacao_relacao/01_julia_maria_bonecas_historinha	pt-BR	Julia tem 3 bonecas a mais que Maria. | A mãe de Maria comprou mais 5 bonecas para ela | Quantas bonecas Maria ficou a mais que Julia?	True	True
PO_TRANSFORMACAO_RELACAO_figurinhas_1283157032	OK	HISTORINHA_ILUSTRADA	transformacao_relacao/02_ana_bia_figurinhas_historinha	pt-BR	Ana tem 5 figurinhas a mais que Bia. | Depois Ana ganhou mais 4 figurinhas | Quantas figurinhas a mais Ana passou a ter que Bia?	True	True
