situacao	categoria	caminho	rejeicoes_no_limite	status	apoio	referencia	trechos
PO_TRANSFORMACAO_MEDIDAS_bolas_163355672	TRANSFORMACAO_MEDIDAS	valor	3	APARECEU	HISTORINHA_ILUSTRADA	transformacao_medidas/06_paulo_e_as_bolas_historinha	
PO_TRANSFORMACAO_MEDIDAS_figurinhas_1595370160	TRANSFORMACAO_MEDIDAS	valor	3	APARECEU	HISTORINHA_ILUSTRADA	transformacao_medidas/02_maria_e_as_figurinhas_historinha	
PO_TRANSFORMACAO_MEDIDAS_frutas_93128185	TRANSFORMACAO_MEDIDAS	valor	3	APARECEU	HISTORINHA_ILUSTRADA	transformacao_medidas/04_nadia_e_os_morangos_historinha	
PO_TRANSFORMACAO_MEDIDAS_balas_2108939476	TRANSFORMACAO_MEDIDAS	valor	3	APARECEU	HISTORINHA_ILUSTRADA	transformacao_medidas/05_leandro_e_as_balas_historinha	
PO_TRANSFORMACAO_MEDIDAS_dinheiro_e_brinquedos_188709799	TRANSFORMACAO_MEDIDAS	valor	3	APARECEU	HISTORINHA_ILUSTRADA	transformacao_medidas/01_andrea_boneca_historinha	
PO_TRANSFORMACAO_MEDIDAS_frutas_e_verduras_365604840	TRANSFORMACAO_MEDIDAS	valor	3	APARECEU	HISTORINHA_ILUSTRADA	transformacao_medidas/03_maria_na_feira_historinha	
PO_TRANSFORMACAO_MEDIDAS_figurinhas_1775031040	TRANSFORMACAO_MEDIDAS	valor	3	APARECEU	HISTORINHA_ILUSTRADA	transformacao_medidas/07_lucas_e_as_figurinhas_do_tio_historinha	
PO_COMPOSICAO_TRANSFORMACOES_bolas_509261012	COMPOSICAO_TRANSFORMACOES	operacao	0	APARECEU	HISTORINHA_ILUSTRADA	composicao_transformacoes/01_joao_bilas_historinha	
PO_COMPOSICAO_TRANSFORMACAO_MEDIDAS_flores_422431114	COMPOSICAO_TRANSFORMACOES	valor	3	APARECEU	HISTORINHA_ILUSTRADA	composicao_transformacoes/04_vovo_rosas_historinha	Vovó possui 2 rosas brancas | e 3 rosas amarelas | Deu 1 rosa branca | e 1 rosa amarela | para a sua netinha | Com quantas rosas vovó ficou
PO_COMPOSICAO_TRANSFORMACOES_figurinhas_2105853102	COMPOSICAO_TRANSFORMACOES	valor	3	APARECEU	HISTORINHA_ILUSTRADA	composicao_transformacoes/02_manuel_figurinhas_historinha	
PO_TRANSFORMACAO_COMPOSTA_DOIS_PASSOS_chocolates_1269597383	COMPOSICAO_TRANSFORMACOES	operacao	0	APARECEU	HISTORINHA_ILUSTRADA	composicao_transformacoes/05_geisa_e_a_caixa_de_chocolates_historinha	
PO_TRANSFORMACAO_COMPOSTA_DOIS_PASSOS_guloseimas_400916186	COMPOSICAO_TRANSFORMACOES	operacao	0	APARECEU	HISTORINHA_ILUSTRADA	composicao_transformacoes/03_geisa_chocolates_historinha	
PO_COMPARACAO_MEDIDAS_dinheiro_1527166754	COMPARACAO_MEDIDAS	valor	3	APARECEU	HISTORINHA_ILUSTRADA	comparacao_medidas/06_claudenice_e_nadia_historinha	
PO_COMPARACAO_MEDIDAS_carrinhos_1292854684	COMPARACAO_MEDIDAS	valor	3	APARECEU	HISTORINHA_ILUSTRADA	comparacao_medidas/02_marcus_e_jardel_historinha	
PO_COMPARACAO_MEDIDAS_cds_1222854862	COMPARACAO_MEDIDAS	valor	3	APARECEU	HISTORINHA_ILUSTRADA	comparacao_medidas/04_jammes_e_gisele_historinha	
PO_COMPARACAO_MEDIDAS_bolas_487868670	COMPARACAO_MEDIDAS	valor	3	APARECEU	HISTORINHA_ILUSTRADA	comparacao_medidas/01_paulo_e_jose_historinha	
PO_COMPARACAO_MEDIDAS_dinheiro_2123535490	COMPARACAO_MEDIDAS	valor	3	APARECEU	HISTORINHA_ILUSTRADA	comparacao_medidas/05_claudia_e_joana_historinha	
PO_COMPARACAO_MEDIDAS_dinheiro_667564143	COMPARACAO_MEDIDAS	valor	3	APARECEU	HISTORINHA_ILUSTRADA	comparacao_medidas/03_ingrid_e_ligianne_historinha	
PO_TRANSFORMACAO_RELACAO_bonecas_620955739	TRANSFORMACAO_RELACAO	operacao	0	APARECEU	HISTORINHA_ILUSTRADA	transformacao_relacao/01_julia_maria_bonecas_historinha	Julia tem 3 bonecas a mais que Maria. | A mãe de Maria comprou mais 5 bonecas para ela | Quantas bonecas Maria ficou a mais que Julia?
PO_TRANSFORMACAO_RELACAO_figurinhas_1283157032	TRANSFORMACAO_RELACAO	valor	3	APARECEU	HISTORINHA_ILUSTRADA	transformacao_relacao/02_ana_bia_figurinhas_historinha	Ana tem 5 figurinhas a mais que Bia. | Depois Ana ganhou mais 4 figurinhas | Quantas figurinhas a mais Ana passou a ter que Bia?
PO_COMPOSICAO_RELACOES_dinheiro_161113042	COMPOSICAO_RELACOES	valor	3	APARECEU	HISTORINHA_ILUSTRADA	composicao_relacoes/01_carlos_joao_pedro_dinheiro_historinha	
PO_COMPOSICAO_RELACOES_idades_642701604	COMPOSICAO_RELACOES	operacao	0	APARECEU	HISTORINHA_ILUSTRADA	composicao_relacoes/02_maria_joao_carla_idades_historinha	Maria é 4 anos mais velha que João | João é 2 anos mais velho que Carla | Qual é a diferença de idade entre Maria e Carla?
IN_TRANSFORMACAO_MEDIDAS_figurinhas_120596356	TRANSFORMACAO_MEDIDAS	valor	3	APARECEU	HISTORINHA_ILUSTRADA	transformacao_medidas/07_lucas_e_as_figurinhas_do_tio_historinha	
IN_TRANSFORMACAO_MEDIDAS_figurinhas_2006515770	TRANSFORMACAO_MEDIDAS	valor	3	APARECEU	HISTORINHA_ILUSTRADA	transformacao_medidas/02_maria_e_as_figurinhas_historinha	
IN_TRANSFORMACAO_MEDIDAS_frutas_727332787	TRANSFORMACAO_MEDIDAS	valor	3	APARECEU	HISTORINHA_ILUSTRADA	transformacao_medidas/04_nadia_e_os_morangos_historinha	
IN_TRANSFORMACAO_MEDIDAS_frutas_e_verduras_2124664773	TRANSFORMACAO_MEDIDAS	valor	3	APARECEU	HISTORINHA_ILUSTRADA	transformacao_medidas/03_maria_na_feira_historinha	
IN_TRANSFORMACAO_MEDIDAS_balas_1673463544	TRANSFORMACAO_MEDIDAS	valor	3	APARECEU	HISTORINHA_ILUSTRADA	transformacao_medidas/05_leandro_e_as_balas_historinha	
IN_TRANSFORMACAO_MEDIDAS_bolas_567206280	TRANSFORMACAO_MEDIDAS	valor	3	APARECEU	HISTORINHA_ILUSTRADA	transformacao_medidas/06_paulo_e_as_bolas_historinha	
IN_TRANSFORMACAO_MEDIDAS_dinheiro_e_brinquedos_525352606	TRANSFORMACAO_MEDIDAS	valor	3	APARECEU	HISTORINHA_ILUSTRADA	transformacao_medidas/01_andrea_boneca_historinha	
IN_TRANSFORMACAO_COMPOSTA_DOIS_PASSOS_guloseimas_49184360	COMPOSICAO_TRANSFORMACOES	operacao	0	APARECEU	HISTORINHA_ILUSTRADA	composicao_transformacoes/03_geisa_chocolates_historinha	
IN_COMPOSICAO_TRANSFORMACOES_figurinhas_298753118	COMPOSICAO_TRANSFORMACOES	valor	3	APARECEU	HISTORINHA_ILUSTRADA	composicao_transformacoes/02_manuel_figurinhas_historinha	
IN_COMPOSICAO_TRANSFORMACAO_MEDIDAS_flores_284762576	COMPOSICAO_TRANSFORMACOES	valor	3	APARECEU	HISTORINHA_ILUSTRADA	composicao_transformacoes/04_vovo_rosas_historinha	
IN_COMPOSICAO_TRANSFORMACOES_bolas_1019033918	COMPOSICAO_TRANSFORMACOES	operacao	0	APARECEU	HISTORINHA_ILUSTRADA	composicao_transformacoes/01_joao_bilas_historinha	
IN_TRANSFORMACAO_COMPOSTA_DOIS_PASSOS_chocolates_1699321159	COMPOSICAO_TRANSFORMACOES	operacao	0	APARECEU	HISTORINHA_ILUSTRADA	composicao_transformacoes/05_geisa_e_a_caixa_de_chocolates_historinha	
IN_COMPARACAO_MEDIDAS_cds_2006555005	COMPARACAO_MEDIDAS	valor	3	APARECEU	HISTORINHA_ILUSTRADA	comparacao_medidas/04_jammes_e_gisele_historinha	
IN_COMPARACAO_MEDIDAS_dinheiro_74721514	COMPARACAO_MEDIDAS	valor	3	APARECEU	HISTORINHA_ILUSTRADA	comparacao_medidas/03_ingrid_e_ligianne_historinha	
IN_COMPARACAO_MEDIDAS_bolas_1388429065	COMPARACAO_MEDIDAS	valor	3	APARECEU	HISTORINHA_ILUSTRADA	comparacao_medidas/01_paulo_e_jose_historinha	
IN_COMPARACAO_MEDIDAS_dinheiro_414982151	COMPARACAO_MEDIDAS	valor	3	APARECEU	HISTORINHA_ILUSTRADA	comparacao_medidas/05_claudia_e_joana_historinha	
IN_COMPARACAO_MEDIDAS_carrinhos_680661635	COMPARACAO_MEDIDAS	valor	3	APARECEU	HISTORINHA_ILUSTRADA	comparacao_medidas/02_marcus_e_jardel_historinha	
IN_COMPARACAO_MEDIDAS_dinheiro_1211292523	COMPARACAO_MEDIDAS	valor	3	APARECEU	HISTORINHA_ILUSTRADA	comparacao_medidas/06_claudenice_e_nadia_historinha	
IN_TRANSFORMACAO_RELACAO_figurinhas_1241847048	TRANSFORMACAO_RELACAO	valor	3	APARECEU	HISTORINHA_ILUSTRADA	transformacao_relacao/02_ana_bia_figurinhas_historinha	
IN_TRANSFORMACAO_RELACAO_bonecas_1433474852	TRANSFORMACAO_RELACAO	operacao	0	APARECEU	HISTORINHA_ILUSTRADA	transformacao_relacao/01_julia_maria_bonecas_historinha	
IN_COMPOSICAO_RELACOES_idades_803396257	COMPOSICAO_RELACOES	operacao	0	APARECEU	HISTORINHA_ILUSTRADA	composicao_relacoes/02_maria_joao_carla_idades_historinha	
IN_COMPOSICAO_RELACOES_dinheiro_1274013472	COMPOSICAO_RELACOES	valor	3	APARECEU	HISTORINHA_ILUSTRADA	composicao_relacoes/01_carlos_joao_pedro_dinheiro_historinha	
FR_TRANSFORMACAO_MEDIDAS_balas_1406833657	TRANSFORMACAO_MEDIDAS	valor	3	APARECEU	HISTORINHA_ILUSTRADA	transformacao_medidas/05_leandro_e_as_balas_historinha	
FR_TRANSFORMACAO_MEDIDAS_bolas_2030296152	TRANSFORMACAO_MEDIDAS	valor	3	APARECEU	HISTORINHA_ILUSTRADA	transformacao_medidas/06_paulo_e_as_bolas_historinha	
FR_TRANSFORMACAO_MEDIDAS_figurinhas_1501838093	TRANSFORMACAO_MEDIDAS	valor	3	APARECEU	HISTORINHA_ILUSTRADA	transformacao_medidas/07_lucas_e_as_figurinhas_do_tio_historinha	
FR_TRANSFORMACAO_MEDIDAS_frutas_e_verduras_238789438	TRANSFORMACAO_MEDIDAS	valor	3	APARECEU	HISTORINHA_ILUSTRADA	transformacao_medidas/03_maria_na_feira_historinha	
FR_TRANSFORMACAO_MEDIDAS_figurinhas_1939875172	TRANSFORMACAO_MEDIDAS	valor	3	APARECEU	HISTORINHA_ILUSTRADA	transformacao_medidas/02_maria_e_as_figurinhas_historinha	
FR_TRANSFORMACAO_MEDIDAS_dinheiro_e_brinquedos_1765404383	TRANSFORMACAO_MEDIDAS	valor	3	APARECEU	HISTORINHA_ILUSTRADA	transformacao_medidas/01_andrea_boneca_historinha	
FR_TRANSFORMACAO_MEDIDAS_frutas_1604626860	TRANSFORMACAO_MEDIDAS	valor	3	APARECEU	HISTORINHA_ILUSTRADA	transformacao_medidas/04_nadia_e_os_morangos_historinha	
FR_COMPOSICAO_TRANSFORMACOES_figurinhas_1095325411	COMPOSICAO_TRANSFORMACOES	valor	3	APARECEU	HISTORINHA_ILUSTRADA	composicao_transformacoes/02_manuel_figurinhas_historinha	
FR_COMPOSICAO_TRANSFORMACAO_MEDIDAS_flores_1386707023	COMPOSICAO_TRANSFORMACOES	valor	3	APARECEU	HISTORINHA_ILUSTRADA	composicao_transformacoes/04_vovo_rosas_historinha	
FR_TRANSFORMACAO_COMPOSTA_DOIS_PASSOS_chocolates_450698522	COMPOSICAO_TRANSFORMACOES	operacao	0	APARECEU	HISTORINHA_ILUSTRADA	composicao_transformacoes/05_geisa_e_a_caixa_de_chocolates_historinha	
FR_TRANSFORMACAO_COMPOSTA_DOIS_PASSOS_guloseimas_464948667	COMPOSICAO_TRANSFORMACOES	operacao	0	APARECEU	HISTORINHA_ILUSTRADA	composicao_transformacoes/03_geisa_chocolates_historinha	
FR_COMPOSICAO_TRANSFORMACOES_bolas_1696962596	COMPOSICAO_TRANSFORMACOES	operacao	0	APARECEU	HISTORINHA_ILUSTRADA	composicao_transformacoes/01_joao_bilas_historinha	
FR_COMPARACAO_MEDIDAS_bolas_642715490	COMPARACAO_MEDIDAS	valor	3	APARECEU	HISTORINHA_ILUSTRADA	comparacao_medidas/01_paulo_e_jose_historinha	
FR_COMPARACAO_MEDIDAS_dinheiro_1566253774	COMPARACAO_MEDIDAS	valor	3	APARECEU	HISTORINHA_ILUSTRADA	comparacao_medidas/03_ingrid_e_ligianne_historinha	
FR_COMPARACAO_MEDIDAS_cds_268242115	COMPARACAO_MEDIDAS	valor	3	APARECEU	HISTORINHA_ILUSTRADA	comparacao_medidas/04_jammes_e_gisele_historinha	
FR_COMPARACAO_MEDIDAS_carrinhos_2108625552	COMPARACAO_MEDIDAS	valor	3	APARECEU	HISTORINHA_ILUSTRADA	comparacao_medidas/02_marcus_e_jardel_historinha	
FR_COMPARACAO_MEDIDAS_dinheiro_1556037952	COMPARACAO_MEDIDAS	valor	3	APARECEU	HISTORINHA_ILUSTRADA	comparacao_medidas/06_claudenice_e_nadia_historinha	
FR_COMPARACAO_MEDIDAS_dinheiro_1582050380	COMPARACAO_MEDIDAS	valor	3	APARECEU	HISTORINHA_ILUSTRADA	comparacao_medidas/05_claudia_e_joana_historinha	
FR_TRANSFORMACAO_RELACAO_figurinhas_491362201	TRANSFORMACAO_RELACAO	valor	3	APARECEU	HISTORINHA_ILUSTRADA	transformacao_relacao/02_ana_bia_figurinhas_historinha	
FR_TRANSFORMACAO_RELACAO_bonecas_405276910	TRANSFORMACAO_RELACAO	operacao	0	APARECEU	HISTORINHA_ILUSTRADA	transformacao_relacao/01_julia_maria_bonecas_historinha	
FR_COMPOSICAO_RELACOES_idades_1667173613	COMPOSICAO_RELACOES	operacao	0	APARECEU	HISTORINHA_ILUSTRADA	composicao_relacoes/02_maria_joao_carla_idades_historinha	
FR_COMPOSICAO_RELACOES_dinheiro_1876731889	COMPOSICAO_RELACOES	valor	3	APARECEU	HISTORINHA_ILUSTRADA	composicao_relacoes/01_carlos_joao_pedro_dinheiro_historinha	
CONTROLE_PO_COMPOSICAO_MEDIDAS_figurinhas_755733109	COMPOSICAO_MEDIDAS	valor	3	NAO_APARECEU_COMO_ESPERADO	-		
