categoria	id_situacao	idioma	contexto	enunciado	status
TRANSFORMACAO_MEDIDAS	PO_TRANSFORMACAO_MEDIDAS_figurinhas_1595370160	PORTUGUES	Figurinhas	Maria faz coleção de figurinhas. Ela tem 32 figurinhas. Sua mãe a presenteou com mais 22 figurinhas. Quantas figurinhas Maria tem em sua coleção agora?	sem animacao ilustrada
TRANSFORMACAO_MEDIDAS	PO_TRANSFORMACAO_MEDIDAS_frutas_e_verduras_365604840	PORTUGUES	Frutas e verduras	Maria foi fazer compras na feira com R$ 25,00. Gastou R$ 18,00 comprando frutas e verduras. Com quantos reais Maria ficou após a feira?	sem animacao ilustrada
TRANSFORMACAO_MEDIDAS	PO_TRANSFORMACAO_MEDIDAS_frutas_93128185	PORTUGUES	Frutas	Nádia comprou dez morangos, sua irmã comeu três. Com quantos morangos Nádia ficou?	sem animacao ilustrada
TRANSFORMACAO_MEDIDAS	PO_TRANSFORMACAO_MEDIDAS_balas_2108939476	PORTUGUES	Balas	Leandro tinha 10 balas. Lucas, seu irmão, pegou algumas balas escondidas de Leandro. Quando Leandro foi comer suas balas só restavam 6 balas. Quantas balas Lucas comeu?	sem animacao ilustrada
TRANSFORMACAO_MEDIDAS	PO_TRANSFORMACAO_MEDIDAS_bolas_163355672	PORTUGUES	Bolas	Paulo tinha 6 bolas pela manhã. Ele ganhou 8 à tarde. Com quantas bolas ele ficou?	sem animacao ilustrada
TRANSFORMACAO_MEDIDAS	PO_TRANSFORMACAO_MEDIDAS_dinheiro_e_brinquedos_188709799	PORTUGUES	Dinheiro e brinquedos	Andréa tinha economizado 16 reais (R$ 16) para comprar uma boneca. Sua tia deu-lhe mais 5 reais (R$ 5). Com quanto Andréa ficou?	sem animacao ilustrada
TRANSFORMACAO_MEDIDAS	PO_TRANSFORMACAO_MEDIDAS_figurinhas_1775031040	PORTUGUES	Figurinhas	Lucas ganhou 12 figurinhas de seu tio. Ele possui agora 17 figurinhas. Quantas figurinhas ele tinha antes de ganhar as figurinhas do tio?	sem animacao ilustrada
COMPARACAO_MEDIDAS	PO_COMPARACAO_MEDIDAS_bolas_487868670	PORTUGUES	Bolas	Paulo tem 6 bolas. José tem 8 bolas a mais que Paulo. Quantas bolas tem José?	sem animacao ilustrada
COMPARACAO_MEDIDAS	PO_COMPARACAO_MEDIDAS_carrinhos_1292854684	PORTUGUES	Carrinhos	Marcus e Jardel colecionam carrinhos em miniatura. Marcus tem 23 carrinhos e Jardel tem 11 carrinhos. Quantos carrinhos a menos Jardel tem?	sem animacao ilustrada
COMPARACAO_MEDIDAS	PO_COMPARACAO_MEDIDAS_dinheiro_667564143	PORTUGUES	Dinheiro	Ingrid tem 12 reais a mais que Ligianne. Se Ligianne possui 27 reais, quantos reais Ingrid tem?	sem animacao ilustrada
COMPARACAO_MEDIDAS	PO_COMPARACAO_MEDIDAS_cds_1222854862	PORTUGUES	CDs	Jammes tem 17 CDs. Ela tem 12 CDs a menos que Gisele. Quantos CDs Gisele tem?	sem animacao ilustrada
COMPARACAO_MEDIDAS	PO_COMPARACAO_MEDIDAS_dinheiro_2123535490	PORTUGUES	Dinheiro	Claudia tem 15 reais. Ela tem 7 reais a mais que Joana. Quantos reais Joana tem?	sem animacao ilustrada
COMPARACAO_MEDIDAS	PO_COMPARACAO_MEDIDAS_dinheiro_1527166754	PORTUGUES	Dinheiro	Claudenice tem 14 reais a menos que Nádia. Nádia tem 27 reais. Quantos reais Claudenice tem?	sem animacao ilustrada
COMPOSICAO_TRANSFORMACOES	PO_TRANSFORMACAO_COMPOSTA_DOIS_PASSOS_chocolates_1269597383	PORTUGUES	Chocolates	Geisa tinha uma caixa com 25 chocolates. Comeu 2 ontem e 5 hoje. Quantos chocolates ainda tem?	sem animacao ilustrada
TRANSFORMACAO_MEDIDAS	FR_TRANSFORMACAO_MEDIDAS_figurinhas_1939875172	FRANCES	Figurinhas	Maria collectionne des images. Elle a 32 images. Sa mère lui a donné 22 images de plus. Combien d’images Maria a-t-elle maintenant dans sa collection ?	sem animacao ilustrada
TRANSFORMACAO_MEDIDAS	IN_TRANSFORMACAO_MEDIDAS_frutas_e_verduras_2124664773	INGLES	Frutas e verduras	Maria went shopping at the street market with R$ 25,00. She spent R$ 18,00 buying fruits and vegetables. How many reais did Maria have left after the market?	sem animacao ilustrada
TRANSFORMACAO_MEDIDAS	FR_TRANSFORMACAO_MEDIDAS_frutas_e_verduras_238789438	FRANCES	Frutas e verduras	Maria collectionne des images. Elle a 32 images. Sa mère lui a offert 22 images de plus. Combien d’images Maria a-t-elle maintenant dans sa collection ?	sem animacao ilustrada
TRANSFORMACAO_MEDIDAS	IN_TRANSFORMACAO_MEDIDAS_frutas_727332787	INGLES	Frutas	Nádia bought 10 strawberries, and her sister ate 3. How many strawberries did Nádia have left?	sem animacao ilustrada
TRANSFORMACAO_MEDIDAS	FR_TRANSFORMACAO_MEDIDAS_frutas_1604626860	FRANCES	Frutas	Nádia a acheté 10 fraises et sa sœur en a mangé 3. Combien de fraises reste-t-il à Nádia ?	sem animacao ilustrada
TRANSFORMACAO_MEDIDAS	IN_TRANSFORMACAO_MEDIDAS_balas_1673463544	INGLES	Balas	Leandro had 10 candies. Lucas, his brother, secretly took some candies from him. When Leandro went to eat them, only 6 candies were left. How many candies did Lucas eat?	sem animacao ilustrada
TRANSFORMACAO_MEDIDAS	FR_TRANSFORMACAO_MEDIDAS_balas_1406833657	FRANCES	Balas	Leandro avait 10 bonbons. Lucas, son frère, lui a pris quelques bonbons en cachette. Quand Leandro est allé les manger, il n’en restait que 6. Combien de bonbons Lucas a-t-il mangés ?	sem animacao ilustrada
TRANSFORMACAO_MEDIDAS	IN_TRANSFORMACAO_MEDIDAS_bolas_567206280	INGLES	Bolas	Paulo had 6 balls in the morning. He won 8 more in the afternoon. How many balls did he have?	sem animacao ilustrada
TRANSFORMACAO_MEDIDAS	FR_TRANSFORMACAO_MEDIDAS_bolas_2030296152	FRANCES	Bolas	Paulo avait 6 balles le matin. Il en a gagné 8 l’après-midi. Combien de balles a-t-il maintenant ?	sem animacao ilustrada
TRANSFORMACAO_MEDIDAS	IN_TRANSFORMACAO_MEDIDAS_dinheiro_e_brinquedos_525352606	INGLES	Dinheiro e brinquedos	Andréa had saved 16 reais (R$16) to buy a doll. Her aunt gave her 5 more reais (R$5). How much did Andréa have?	sem animacao ilustrada
TRANSFORMACAO_MEDIDAS	FR_TRANSFORMACAO_MEDIDAS_dinheiro_e_brinquedos_1765404383	FRANCES	Dinheiro e brinquedos	Andréa avait économisé 16 reais (R$16) pour acheter une poupée. Sa tante lui a donné 5 reais de plus (R$5). Combien Andréa a-t-elle maintenant ?	sem animacao ilustrada
COMPARACAO_MEDIDAS	IN_COMPARACAO_MEDIDAS_bolas_1388429065	INGLES	Bolas	Paulo has 6 balls. José has 8 more balls than Paulo. How many balls does José have?	sem animacao ilustrada
COMPARACAO_MEDIDAS	FR_COMPARACAO_MEDIDAS_bolas_642715490	FRANCES	Bolas	Paulo a 6 balles. José a 8 balles de plus que Paulo. Combien de balles José a-t-il ?	sem animacao ilustrada
TRANSFORMACAO_RELACAO	IN_TRANSFORMACAO_RELACAO_figurinhas_1241847048	INGLES	Figurinhas	Ana has 5 more stickers than Bia. Then Ana received 4 more stickers. How many more stickers did Ana have than Bia after that?	sem animacao ilustrada
TRANSFORMACAO_RELACAO	FR_TRANSFORMACAO_RELACAO_figurinhas_491362201	FRANCES	Figurinhas	Ana a 5 images de plus que Bia. Ensuite, Ana a reçu 4 images de plus. Combien d’images de plus Ana a-t-elle alors que Bia ?	sem animacao ilustrada
