situacao	passo	acao	rejeicoes_antes	rejeicoes_depois	no_limite	painel_visivel	numeros_iguais	veredito
PO_TRANSFORMACAO_MEDIDAS_figurinhas_1595370160	1	digitar valor errado na incógnita (Enter)	0	1	false	false	true	OK
PO_TRANSFORMACAO_MEDIDAS_figurinhas_1595370160	2	confirmar Sim (Enter no diálogo)	1	1	false	false	true	OK
PO_TRANSFORMACAO_MEDIDAS_figurinhas_1595370160	3	confirmar Sim (Enter no diálogo)	1	2	false	false	true	OK
PO_TRANSFORMACAO_MEDIDAS_dinheiro_e_brinquedos_188709799	4	digitar valor errado na incógnita (Enter)	0	1	false	false	true	OK
PO_TRANSFORMACAO_MEDIDAS_dinheiro_e_brinquedos_188709799	5	confirmar Sim (Enter no diálogo)	1	1	false	false	true	OK
PO_TRANSFORMACAO_MEDIDAS_dinheiro_e_brinquedos_188709799	6	confirmar Sim (Enter no diálogo)	1	2	false	false	true	OK
PO_TRANSFORMACAO_MEDIDAS_frutas_e_verduras_365604840	7	digitar valor errado na incógnita (Enter)	0	1	false	false	true	OK
PO_TRANSFORMACAO_MEDIDAS_frutas_e_verduras_365604840	8	confirmar Sim (Enter no diálogo)	1	1	false	false	true	OK
PO_TRANSFORMACAO_MEDIDAS_frutas_e_verduras_365604840	9	confirmar Sim (Enter no diálogo)	1	2	false	false	true	OK
PO_TRANSFORMACAO_MEDIDAS_bolas_163355672	10	digitar valor errado na incógnita (Enter)	0	1	false	false	true	OK
PO_TRANSFORMACAO_MEDIDAS_bolas_163355672	11	confirmar Sim (Enter no diálogo)	1	1	false	false	true	OK
PO_TRANSFORMACAO_MEDIDAS_bolas_163355672	12	confirmar Sim (Enter no diálogo)	1	2	false	false	true	OK
PO_TRANSFORMACAO_MEDIDAS_frutas_93128185	13	digitar valor errado na incógnita (Enter)	0	1	false	false	true	OK
PO_TRANSFORMACAO_MEDIDAS_frutas_93128185	14	confirmar Sim (Enter no diálogo)	1	1	false	false	true	OK
PO_TRANSFORMACAO_MEDIDAS_frutas_93128185	15	confirmar Sim (Enter no diálogo)	1	2	false	false	true	OK
PO_TRANSFORMACAO_MEDIDAS_balas_2108939476	16	digitar valor errado na incógnita (Enter)	0	0	false	false	true	OK
PO_TRANSFORMACAO_MEDIDAS_balas_2108939476	17	clicar no sinal	0	0	false	false	true	OK
PO_TRANSFORMACAO_MEDIDAS_balas_2108939476	18	digitar valor errado na incógnita (Enter)	0	0	false	false	true	OK
PO_TRANSFORMACAO_MEDIDAS_balas_2108939476	19	clicar no sinal	0	0	false	false	true	OK
PO_TRANSFORMACAO_MEDIDAS_balas_2108939476	20	digitar valor errado na incógnita (Enter)	0	0	false	false	true	OK
PO_TRANSFORMACAO_MEDIDAS_balas_2108939476	21	clicar no sinal	0	1	false	false	true	OK
PO_TRANSFORMACAO_MEDIDAS_balas_2108939476	22	confirmar Sim (Enter no diálogo)	1	1	false	false	true	OK
PO_TRANSFORMACAO_MEDIDAS_balas_2108939476	23	digitar valor errado na incógnita (Enter)	1	1	false	false	true	OK
PO_TRANSFORMACAO_MEDIDAS_balas_2108939476	24	clicar no sinal	1	2	false	false	true	OK
PO_TRANSFORMACAO_MEDIDAS_balas_2108939476	25	confirmar Sim (Enter no diálogo)	2	2	false	false	true	OK
PO_TRANSFORMACAO_MEDIDAS_balas_2108939476	26	digitar valor errado na incógnita (Enter)	2	2	false	false	true	OK
PO_TRANSFORMACAO_MEDIDAS_balas_2108939476	27	clicar no sinal	2	2	false	false	true	OK
PO_TRANSFORMACAO_MEDIDAS_balas_2108939476	28	digitar valor errado na incógnita (Enter)	2	2	false	false	true	OK
PO_TRANSFORMACAO_MEDIDAS_balas_2108939476	29	clicar no sinal	2	2	false	false	true	OK
PO_TRANSFORMACAO_MEDIDAS_balas_2108939476	30	digitar valor errado na incógnita (Enter)	2	2	false	false	true	OK
PO_TRANSFORMACAO_MEDIDAS_balas_2108939476	31	clicar no sinal	2	3	true	true	true	OK
PO_TRANSFORMACAO_MEDIDAS_figurinhas_1775031040	32	digitar valor errado na incógnita (Enter)	0	1	false	false	true	OK
PO_TRANSFORMACAO_MEDIDAS_figurinhas_1775031040	33	confirmar Sim (Enter no diálogo)	1	1	false	false	true	OK
PO_TRANSFORMACAO_MEDIDAS_figurinhas_1775031040	34	confirmar Sim (Enter no diálogo)	1	2	false	false	true	OK
PO_COMPOSICAO_TRANSFORMACAO_MEDIDAS_flores_422431114	35	digitar valor errado na incógnita (Enter)	0	1	false	false	true	OK
PO_COMPOSICAO_TRANSFORMACAO_MEDIDAS_flores_422431114	36	confirmar Sim (Enter no diálogo)	1	1	false	false	true	OK
PO_COMPOSICAO_TRANSFORMACAO_MEDIDAS_flores_422431114	37	confirmar Sim (Enter no diálogo)	1	2	false	false	true	OK
PO_COMPOSICAO_TRANSFORMACOES_figurinhas_2105853102	38	clicar no sinal	0	0	false	false	true	OK
PO_COMPOSICAO_TRANSFORMACOES_figurinhas_2105853102	39	digitar valor errado na incógnita (Enter)	0	0	false	false	true	OK
PO_COMPOSICAO_TRANSFORMACOES_figurinhas_2105853102	40	clicar no sinal	0	1	false	false	true	OK
PO_COMPOSICAO_TRANSFORMACOES_figurinhas_2105853102	41	confirmar Sim (Enter no diálogo)	1	1	false	false	true	OK
PO_COMPOSICAO_TRANSFORMACOES_figurinhas_2105853102	42	digitar valor errado na incógnita (Enter)	1	1	false	false	true	OK
PO_COMPOSICAO_TRANSFORMACOES_figurinhas_2105853102	43	clicar no sinal	1	2	false	false	true	OK
PO_COMPOSICAO_TRANSFORMACOES_figurinhas_2105853102	44	confirmar Sim (Enter no diálogo)	2	2	false	false	true	OK
PO_COMPOSICAO_TRANSFORMACOES_figurinhas_2105853102	45	digitar valor errado na incógnita (Enter)	2	2	false	false	true	OK
PO_COMPOSICAO_TRANSFORMACOES_figurinhas_2105853102	46	clicar no sinal	2	3	true	true	true	OK
PO_TRANSFORMACAO_COMPOSTA_DOIS_PASSOS_guloseimas_400916186	47	clicar na operação errada (Subtração)	0	0	false	false	true	OK
PO_TRANSFORMACAO_COMPOSTA_DOIS_PASSOS_guloseimas_400916186	48	clicar na operação errada (Subtração)	0	0	false	false	true	OK
PO_TRANSFORMACAO_COMPOSTA_DOIS_PASSOS_guloseimas_400916186	49	clicar na operação errada (Subtração)	0	0	true	true	true	OK
PO_COMPOSICAO_TRANSFORMACOES_bolas_509261012	50	clicar na operação errada (Subtração)	0	0	false	false	true	OK
PO_COMPOSICAO_TRANSFORMACOES_bolas_509261012	51	clicar na operação errada (Subtração)	0	0	false	false	true	OK
PO_COMPOSICAO_TRANSFORMACOES_bolas_509261012	52	clicar na operação errada (Subtração)	0	0	true	true	true	OK
PO_TRANSFORMACAO_COMPOSTA_DOIS_PASSOS_chocolates_1269597383	53	clicar na operação errada (Soma)	0	0	false	false	true	OK
PO_TRANSFORMACAO_COMPOSTA_DOIS_PASSOS_chocolates_1269597383	54	clicar na operação errada (Soma)	0	0	false	false	true	OK
PO_TRANSFORMACAO_COMPOSTA_DOIS_PASSOS_chocolates_1269597383	55	clicar na operação errada (Soma)	0	0	true	true	true	OK
PO_COMPARACAO_MEDIDAS_cds_1222854862	56	digitar valor errado na incógnita (Enter)	0	1	false	false	true	OK
PO_COMPARACAO_MEDIDAS_cds_1222854862	57	confirmar Sim (Enter no diálogo)	1	1	false	false	true	OK
PO_COMPARACAO_MEDIDAS_cds_1222854862	58	confirmar Sim (Enter no diálogo)	1	2	false	false	true	OK
PO_COMPARACAO_MEDIDAS_dinheiro_1527166754	59	digitar valor errado na incógnita (Enter)	0	1	false	false	true	OK
PO_COMPARACAO_MEDIDAS_dinheiro_1527166754	60	confirmar Sim (Enter no diálogo)	1	1	false	false	true	OK
PO_COMPARACAO_MEDIDAS_dinheiro_1527166754	61	confirmar Sim (Enter no diálogo)	1	2	false	false	true	OK
PO_COMPARACAO_MEDIDAS_dinheiro_2123535490	62	digitar valor errado na incógnita (Enter)	0	1	false	false	true	OK
PO_COMPARACAO_MEDIDAS_dinheiro_2123535490	63	confirmar Sim (Enter no diálogo)	1	1	false	false	true	OK
PO_COMPARACAO_MEDIDAS_dinheiro_2123535490	64	confirmar Sim (Enter no diálogo)	1	2	false	false	true	OK
PO_COMPARACAO_MEDIDAS_carrinhos_1292854684	65	digitar valor errado na incógnita (Enter)	0	0	false	false	true	OK
PO_COMPARACAO_MEDIDAS_carrinhos_1292854684	66	clicar no sinal	0	1	false	false	true	OK
PO_COMPARACAO_MEDIDAS_carrinhos_1292854684	67	confirmar Sim (Enter no diálogo)	1	1	false	false	true	OK
PO_COMPARACAO_MEDIDAS_carrinhos_1292854684	68	digitar valor errado na incógnita (Enter)	1	1	false	false	true	OK
PO_COMPARACAO_MEDIDAS_carrinhos_1292854684	69	clicar no sinal	1	2	false	false	true	OK
PO_COMPARACAO_MEDIDAS_carrinhos_1292854684	70	confirmar Sim (Enter no diálogo)	2	2	false	false	true	OK
PO_COMPARACAO_MEDIDAS_carrinhos_1292854684	71	digitar valor errado na incógnita (Enter)	2	2	false	false	true	OK
PO_COMPARACAO_MEDIDAS_carrinhos_1292854684	72	clicar no sinal	2	3	true	true	true	OK
PO_COMPARACAO_MEDIDAS_dinheiro_667564143	73	digitar valor errado na incógnita (Enter)	0	1	false	false	true	OK
PO_COMPARACAO_MEDIDAS_dinheiro_667564143	74	confirmar Sim (Enter no diálogo)	1	1	false	false	true	OK
PO_COMPARACAO_MEDIDAS_dinheiro_667564143	75	confirmar Sim (Enter no diálogo)	1	2	false	false	true	OK
PO_COMPARACAO_MEDIDAS_bolas_487868670	76	digitar valor errado na incógnita (Enter)	0	1	false	false	true	OK
PO_COMPARACAO_MEDIDAS_bolas_487868670	77	confirmar Sim (Enter no diálogo)	1	1	false	false	true	OK
PO_COMPARACAO_MEDIDAS_bolas_487868670	78	confirmar Sim (Enter no diálogo)	1	2	false	false	true	OK
PO_TRANSFORMACAO_RELACAO_figurinhas_1283157032	79	clicar no sinal	0	0	false	false	true	OK
PO_TRANSFORMACAO_RELACAO_figurinhas_1283157032	80	digitar valor errado na incógnita (Enter)	0	0	false	false	true	OK
PO_TRANSFORMACAO_RELACAO_figurinhas_1283157032	81	clicar no sinal	0	1	false	false	true	OK
PO_TRANSFORMACAO_RELACAO_figurinhas_1283157032	82	confirmar Sim (Enter no diálogo)	1	1	false	false	true	OK
PO_TRANSFORMACAO_RELACAO_figurinhas_1283157032	83	digitar valor errado na incógnita (Enter)	1	1	false	false	true	OK
PO_TRANSFORMACAO_RELACAO_figurinhas_1283157032	84	clicar no sinal	1	2	false	false	true	OK
PO_TRANSFORMACAO_RELACAO_figurinhas_1283157032	85	confirmar Sim (Enter no diálogo)	2	2	false	false	true	OK
PO_TRANSFORMACAO_RELACAO_figurinhas_1283157032	86	digitar valor errado na incógnita (Enter)	2	2	false	false	true	OK
PO_TRANSFORMACAO_RELACAO_figurinhas_1283157032	87	clicar no sinal	2	3	true	true	true	OK
PO_TRANSFORMACAO_RELACAO_bonecas_620955739	88	clicar na operação errada (Soma)	0	0	false	false	true	OK
PO_TRANSFORMACAO_RELACAO_bonecas_620955739	89	clicar na operação errada (Soma)	0	0	false	false	true	OK
PO_TRANSFORMACAO_RELACAO_bonecas_620955739	90	clicar na operação errada (Soma)	0	0	true	true	true	OK
PO_COMPOSICAO_RELACOES_idades_642701604	91	clicar na operação errada (Subtração)	0	0	false	false	true	OK
PO_COMPOSICAO_RELACOES_idades_642701604	92	clicar na operação errada (Subtração)	0	0	false	false	true	OK
PO_COMPOSICAO_RELACOES_idades_642701604	93	clicar na operação errada (Subtração)	0	0	true	true	true	OK
PO_COMPOSICAO_RELACOES_dinheiro_161113042	94	digitar valor errado na incógnita (Enter)	0	0	false	false	true	OK
PO_COMPOSICAO_RELACOES_dinheiro_161113042	95	clicar no sinal	0	1	false	false	true	OK
PO_COMPOSICAO_RELACOES_dinheiro_161113042	96	confirmar Sim (Enter no diálogo)	1	1	false	false	true	OK
PO_COMPOSICAO_RELACOES_dinheiro_161113042	97	digitar valor errado na incógnita (Enter)	1	1	false	false	true	OK
PO_COMPOSICAO_RELACOES_dinheiro_161113042	98	clicar no sinal	1	2	false	false	true	OK
PO_COMPOSICAO_RELACOES_dinheiro_161113042	99	confirmar Sim (Enter no diálogo)	2	2	false	false	true	OK
PO_COMPOSICAO_RELACOES_dinheiro_161113042	100	digitar valor errado na incógnita (Enter)	2	2	false	false	true	OK
PO_COMPOSICAO_RELACOES_dinheiro_161113042	101	clicar no sinal	2	3	true	true	true	OK
IN_TRANSFORMACAO_MEDIDAS_figurinhas_2006515770	102	digitar valor errado na incógnita (Enter)	0	1	false	false	true	OK
IN_TRANSFORMACAO_MEDIDAS_figurinhas_2006515770	103	confirmar Sim (Enter no diálogo)	1	1	false	false	true	OK
IN_TRANSFORMACAO_MEDIDAS_figurinhas_2006515770	104	confirmar Sim (Enter no diálogo)	1	2	false	false	true	OK
IN_TRANSFORMACAO_MEDIDAS_figurinhas_120596356	105	digitar valor errado na incógnita (Enter)	0	0	false	false	true	OK
IN_TRANSFORMACAO_MEDIDAS_figurinhas_120596356	106	confirmar Sim (Enter no diálogo)	0	0	false	false	true	OK
IN_TRANSFORMACAO_MEDIDAS_figurinhas_120596356	107	confirmar Sim (Enter no diálogo)	0	1	false	false	true	OK
IN_TRANSFORMACAO_MEDIDAS_figurinhas_120596356	108	confirmar Sim (Enter no diálogo)	1	2	false	false	true	OK
IN_TRANSFORMACAO_MEDIDAS_dinheiro_e_brinquedos_525352606	109	digitar valor errado na incógnita (Enter)	0	1	false	false	true	OK
IN_TRANSFORMACAO_MEDIDAS_dinheiro_e_brinquedos_525352606	110	confirmar Sim (Enter no diálogo)	1	1	false	false	true	OK
IN_TRANSFORMACAO_MEDIDAS_dinheiro_e_brinquedos_525352606	111	confirmar Sim (Enter no diálogo)	1	2	false	false	true	OK
IN_TRANSFORMACAO_MEDIDAS_bolas_567206280	112	digitar valor errado na incógnita (Enter)	0	1	false	false	true	OK
IN_TRANSFORMACAO_MEDIDAS_bolas_567206280	113	confirmar Sim (Enter no diálogo)	1	1	false	false	true	OK
IN_TRANSFORMACAO_MEDIDAS_bolas_567206280	114	confirmar Sim (Enter no diálogo)	1	2	false	false	true	OK
IN_TRANSFORMACAO_MEDIDAS_balas_1673463544	115	clicar no sinal	0	0	false	false	true	OK
IN_TRANSFORMACAO_MEDIDAS_balas_1673463544	116	digitar valor errado na incógnita (Enter)	0	0	false	false	true	OK
IN_TRANSFORMACAO_MEDIDAS_balas_1673463544	117	clicar no sinal	0	1	false	false	true	OK
IN_TRANSFORMACAO_MEDIDAS_balas_1673463544	118	confirmar Sim (Enter no diálogo)	1	1	false	false	true	OK
IN_TRANSFORMACAO_MEDIDAS_balas_1673463544	119	digitar valor errado na incógnita (Enter)	1	1	false	false	true	OK
IN_TRANSFORMACAO_MEDIDAS_balas_1673463544	120	clicar no sinal	1	1	false	false	true	OK
IN_TRANSFORMACAO_MEDIDAS_balas_1673463544	121	digitar valor errado na incógnita (Enter)	1	1	false	false	true	OK
IN_TRANSFORMACAO_MEDIDAS_balas_1673463544	122	clicar no sinal	1	1	false	false	true	OK
IN_TRANSFORMACAO_MEDIDAS_balas_1673463544	123	digitar valor errado na incógnita (Enter)	1	1	false	false	true	OK
IN_TRANSFORMACAO_MEDIDAS_balas_1673463544	124	clicar no sinal	1	2	false	false	true	OK
IN_TRANSFORMACAO_MEDIDAS_balas_1673463544	125	confirmar Sim (Enter no diálogo)	2	2	false	false	true	OK
IN_TRANSFORMACAO_MEDIDAS_balas_1673463544	126	digitar valor errado na incógnita (Enter)	2	2	false	false	true	OK
IN_TRANSFORMACAO_MEDIDAS_balas_1673463544	127	clicar no sinal	2	3	true	true	true	OK
IN_TRANSFORMACAO_MEDIDAS_frutas_e_verduras_2124664773	128	digitar valor errado na incógnita (Enter)	0	1	false	false	true	OK
IN_TRANSFORMACAO_MEDIDAS_frutas_e_verduras_2124664773	129	confirmar Sim (Enter no diálogo)	1	1	false	false	true	OK
IN_TRANSFORMACAO_MEDIDAS_frutas_e_verduras_2124664773	130	confirmar Sim (Enter no diálogo)	1	2	false	false	true	OK
IN_TRANSFORMACAO_MEDIDAS_frutas_727332787	131	digitar valor errado na incógnita (Enter)	0	1	false	false	true	OK
IN_TRANSFORMACAO_MEDIDAS_frutas_727332787	132	confirmar Sim (Enter no diálogo)	1	1	false	false	true	OK
IN_TRANSFORMACAO_MEDIDAS_frutas_727332787	133	confirmar Sim (Enter no diálogo)	1	2	false	false	true	OK
IN_COMPOSICAO_TRANSFORMACAO_MEDIDAS_flores_284762576	134	digitar valor errado na incógnita (Enter)	0	1	false	false	true	OK
IN_COMPOSICAO_TRANSFORMACAO_MEDIDAS_flores_284762576	135	confirmar Sim (Enter no diálogo)	1	1	false	false	true	OK
IN_COMPOSICAO_TRANSFORMACAO_MEDIDAS_flores_284762576	136	confirmar Sim (Enter no diálogo)	1	2	false	false	true	OK
IN_TRANSFORMACAO_COMPOSTA_DOIS_PASSOS_chocolates_1699321159	137	clicar na operação errada (Soma)	0	0	false	false	true	OK
IN_TRANSFORMACAO_COMPOSTA_DOIS_PASSOS_chocolates_1699321159	138	clicar na operação errada (Soma)	0	0	false	false	true	OK
IN_TRANSFORMACAO_COMPOSTA_DOIS_PASSOS_chocolates_1699321159	139	clicar na operação errada (Soma)	0	0	true	true	true	OK
IN_TRANSFORMACAO_COMPOSTA_DOIS_PASSOS_guloseimas_49184360	140	clicar na operação errada (Subtração)	0	0	false	false	true	OK
IN_TRANSFORMACAO_COMPOSTA_DOIS_PASSOS_guloseimas_49184360	141	clicar na operação errada (Subtração)	0	0	false	false	true	OK
IN_TRANSFORMACAO_COMPOSTA_DOIS_PASSOS_guloseimas_49184360	142	clicar na operação errada (Subtração)	0	0	true	true	true	OK
IN_COMPOSICAO_TRANSFORMACOES_figurinhas_298753118	143	digitar valor errado na incógnita (Enter)	0	0	false	false	true	OK
IN_COMPOSICAO_TRANSFORMACOES_figurinhas_298753118	144	clicar no sinal	0	1	false	false	true	OK
IN_COMPOSICAO_TRANSFORMACOES_figurinhas_298753118	145	confirmar Sim (Enter no diálogo)	1	1	false	false	true	OK
IN_COMPOSICAO_TRANSFORMACOES_figurinhas_298753118	146	digitar valor errado na incógnita (Enter)	1	1	false	false	true	OK
IN_COMPOSICAO_TRANSFORMACOES_figurinhas_298753118	147	clicar no sinal	1	2	false	false	true	OK
IN_COMPOSICAO_TRANSFORMACOES_figurinhas_298753118	148	confirmar Sim (Enter no diálogo)	2	2	false	false	true	OK
IN_COMPOSICAO_TRANSFORMACOES_figurinhas_298753118	149	digitar valor errado na incógnita (Enter)	2	2	false	false	true	OK
IN_COMPOSICAO_TRANSFORMACOES_figurinhas_298753118	150	clicar no sinal	2	3	true	true	true	OK
IN_COMPOSICAO_TRANSFORMACOES_bolas_1019033918	151	clicar na operação errada (Subtração)	0	0	false	false	true	OK
IN_COMPOSICAO_TRANSFORMACOES_bolas_1019033918	152	clicar na operação errada (Subtração)	0	0	false	false	true	OK
IN_COMPOSICAO_TRANSFORMACOES_bolas_1019033918	153	clicar na operação errada (Subtração)	0	0	true	true	true	OK
IN_COMPARACAO_MEDIDAS_bolas_1388429065	154	digitar valor errado na incógnita (Enter)	0	1	false	false	true	OK
IN_COMPARACAO_MEDIDAS_bolas_1388429065	155	confirmar Sim (Enter no diálogo)	1	1	false	false	true	OK
IN_COMPARACAO_MEDIDAS_bolas_1388429065	156	confirmar Sim (Enter no diálogo)	1	2	false	false	true	OK
IN_COMPARACAO_MEDIDAS_dinheiro_414982151	157	digitar valor errado na incógnita (Enter)	0	1	false	false	true	OK
IN_COMPARACAO_MEDIDAS_dinheiro_414982151	158	confirmar Sim (Enter no diálogo)	1	1	false	false	true	OK
IN_COMPARACAO_MEDIDAS_dinheiro_414982151	159	confirmar Sim (Enter no diálogo)	1	2	false	false	true	OK
IN_COMPARACAO_MEDIDAS_dinheiro_1211292523	160	digitar valor errado na incógnita (Enter)	0	1	false	false	true	OK
IN_COMPARACAO_MEDIDAS_dinheiro_1211292523	161	confirmar Sim (Enter no diálogo)	1	1	false	false	true	OK
IN_COMPARACAO_MEDIDAS_dinheiro_1211292523	162	confirmar Sim (Enter no diálogo)	1	2	false	false	true	OK
IN_COMPARACAO_MEDIDAS_cds_2006555005	163	digitar valor errado na incógnita (Enter)	0	1	false	false	true	OK
IN_COMPARACAO_MEDIDAS_cds_2006555005	164	confirmar Sim (Enter no diálogo)	1	1	false	false	true	OK
IN_COMPARACAO_MEDIDAS_cds_2006555005	165	confirmar Sim (Enter no diálogo)	1	2	false	false	true	OK
IN_COMPARACAO_MEDIDAS_carrinhos_680661635	166	clicar no sinal	0	0	false	false	true	OK
IN_COMPARACAO_MEDIDAS_carrinhos_680661635	167	digitar valor errado na incógnita (Enter)	0	0	false	false	true	OK
IN_COMPARACAO_MEDIDAS_carrinhos_680661635	168	clicar no sinal	0	1	false	false	true	OK
IN_COMPARACAO_MEDIDAS_carrinhos_680661635	169	confirmar Sim (Enter no diálogo)	1	1	false	false	true	OK
IN_COMPARACAO_MEDIDAS_carrinhos_680661635	170	digitar valor errado na incógnita (Enter)	1	1	false	false	true	OK
IN_COMPARACAO_MEDIDAS_carrinhos_680661635	171	clicar no sinal	1	2	false	false	true	OK
IN_COMPARACAO_MEDIDAS_carrinhos_680661635	172	confirmar Sim (Enter no diálogo)	2	2	false	false	true	OK
IN_COMPARACAO_MEDIDAS_carrinhos_680661635	173	digitar valor errado na incógnita (Enter)	2	2	false	false	true	OK
IN_COMPARACAO_MEDIDAS_carrinhos_680661635	174	clicar no sinal	2	3	true	true	true	OK
IN_COMPARACAO_MEDIDAS_dinheiro_74721514	175	digitar valor errado na incógnita (Enter)	0	1	false	false	true	OK
IN_COMPARACAO_MEDIDAS_dinheiro_74721514	176	confirmar Sim (Enter no diálogo)	1	1	false	false	true	OK
IN_COMPARACAO_MEDIDAS_dinheiro_74721514	177	confirmar Sim (Enter no diálogo)	1	2	false	false	true	OK
IN_TRANSFORMACAO_RELACAO_bonecas_1433474852	178	clicar na operação errada (Soma)	0	0	false	false	true	OK
IN_TRANSFORMACAO_RELACAO_bonecas_1433474852	179	clicar na operação errada (Soma)	0	0	false	false	true	OK
IN_TRANSFORMACAO_RELACAO_bonecas_1433474852	180	clicar na operação errada (Soma)	0	0	true	true	true	OK
IN_TRANSFORMACAO_RELACAO_figurinhas_1241847048	181	clicar no sinal	0	0	false	false	true	OK
IN_TRANSFORMACAO_RELACAO_figurinhas_1241847048	182	digitar valor errado na incógnita (Enter)	0	0	false	false	true	OK
IN_TRANSFORMACAO_RELACAO_figurinhas_1241847048	183	clicar no sinal	0	1	false	false	true	OK
IN_TRANSFORMACAO_RELACAO_figurinhas_1241847048	184	confirmar Sim (Enter no diálogo)	1	1	false	false	true	OK
IN_TRANSFORMACAO_RELACAO_figurinhas_1241847048	185	digitar valor errado na incógnita (Enter)	1	1	false	false	true	OK
IN_TRANSFORMACAO_RELACAO_figurinhas_1241847048	186	clicar no sinal	1	2	false	false	true	OK
IN_TRANSFORMACAO_RELACAO_figurinhas_1241847048	187	confirmar Sim (Enter no diálogo)	2	2	false	false	true	OK
IN_TRANSFORMACAO_RELACAO_figurinhas_1241847048	188	digitar valor errado na incógnita (Enter)	2	2	false	false	true	OK
IN_TRANSFORMACAO_RELACAO_figurinhas_1241847048	189	clicar no sinal	2	3	true	true	true	OK
IN_COMPOSICAO_RELACOES_idades_803396257	190	clicar na operação errada (Subtração)	0	0	false	false	true	OK
IN_COMPOSICAO_RELACOES_idades_803396257	191	clicar na operação errada (Subtração)	0	0	false	false	true	OK
IN_COMPOSICAO_RELACOES_idades_803396257	192	clicar na operação errada (Subtração)	0	0	true	true	true	OK
IN_COMPOSICAO_RELACOES_dinheiro_1274013472	193	clicar no sinal	0	0	false	false	true	OK
IN_COMPOSICAO_RELACOES_dinheiro_1274013472	194	digitar valor errado na incógnita (Enter)	0	0	false	false	true	OK
IN_COMPOSICAO_RELACOES_dinheiro_1274013472	195	clicar no sinal	0	1	false	false	true	OK
IN_COMPOSICAO_RELACOES_dinheiro_1274013472	196	confirmar Sim (Enter no diálogo)	1	1	false	false	true	OK
IN_COMPOSICAO_RELACOES_dinheiro_1274013472	197	digitar valor errado na incógnita (Enter)	1	1	false	false	true	OK
IN_COMPOSICAO_RELACOES_dinheiro_1274013472	198	clicar no sinal	1	2	false	false	true	OK
IN_COMPOSICAO_RELACOES_dinheiro_1274013472	199	confirmar Sim (Enter no diálogo)	2	2	false	false	true	OK
IN_COMPOSICAO_RELACOES_dinheiro_1274013472	200	digitar valor errado na incógnita (Enter)	2	2	false	false	true	OK
IN_COMPOSICAO_RELACOES_dinheiro_1274013472	201	clicar no sinal	2	3	true	true	true	OK
FR_TRANSFORMACAO_MEDIDAS_bolas_2030296152	202	digitar valor errado na incógnita (Enter)	0	1	false	false	true	OK
FR_TRANSFORMACAO_MEDIDAS_bolas_2030296152	203	confirmar Sim (Enter no diálogo)	1	1	false	false	true	OK
FR_TRANSFORMACAO_MEDIDAS_bolas_2030296152	204	confirmar Sim (Enter no diálogo)	1	2	false	false	true	OK
FR_TRANSFORMACAO_MEDIDAS_balas_1406833657	205	digitar valor errado na incógnita (Enter)	0	0	false	false	true	OK
FR_TRANSFORMACAO_MEDIDAS_balas_1406833657	206	clicar no sinal	0	0	false	false	true	OK
FR_TRANSFORMACAO_MEDIDAS_balas_1406833657	207	digitar valor errado na incógnita (Enter)	0	0	false	false	true	OK
FR_TRANSFORMACAO_MEDIDAS_balas_1406833657	208	clicar no sinal	0	0	false	false	true	OK
FR_TRANSFORMACAO_MEDIDAS_balas_1406833657	209	digitar valor errado na incógnita (Enter)	0	0	false	false	true	OK
FR_TRANSFORMACAO_MEDIDAS_balas_1406833657	210	clicar no sinal	0	1	false	false	true	OK
FR_TRANSFORMACAO_MEDIDAS_balas_1406833657	211	confirmar Sim (Enter no diálogo)	1	1	false	false	true	OK
FR_TRANSFORMACAO_MEDIDAS_balas_1406833657	212	digitar valor errado na incógnita (Enter)	1	1	false	false	true	OK
FR_TRANSFORMACAO_MEDIDAS_balas_1406833657	213	clicar no sinal	1	1	false	false	true	OK
FR_TRANSFORMACAO_MEDIDAS_balas_1406833657	214	digitar valor errado na incógnita (Enter)	1	1	false	false	true	OK
FR_TRANSFORMACAO_MEDIDAS_balas_1406833657	215	clicar no sinal	1	1	false	false	true	OK
FR_TRANSFORMACAO_MEDIDAS_balas_1406833657	216	digitar valor errado na incógnita (Enter)	1	1	false	false	true	OK
FR_TRANSFORMACAO_MEDIDAS_balas_1406833657	217	clicar no sinal	1	2	false	false	true	OK
FR_TRANSFORMACAO_MEDIDAS_balas_1406833657	218	confirmar Sim (Enter no diálogo)	2	2	false	false	true	OK
FR_TRANSFORMACAO_MEDIDAS_balas_1406833657	219	digitar valor errado na incógnita (Enter)	2	2	false	false	true	OK
FR_TRANSFORMACAO_MEDIDAS_balas_1406833657	220	clicar no sinal	2	3	true	true	true	OK
FR_TRANSFORMACAO_MEDIDAS_figurinhas_1939875172	221	digitar valor errado na incógnita (Enter)	0	1	false	false	true	OK
FR_TRANSFORMACAO_MEDIDAS_figurinhas_1939875172	222	confirmar Sim (Enter no diálogo)	1	1	false	false	true	OK
FR_TRANSFORMACAO_MEDIDAS_figurinhas_1939875172	223	confirmar Sim (Enter no diálogo)	1	2	false	false	true	OK
FR_TRANSFORMACAO_MEDIDAS_frutas_e_verduras_238789438	224	digitar valor errado na incógnita (Enter)	0	1	false	false	true	OK
FR_TRANSFORMACAO_MEDIDAS_frutas_e_verduras_238789438	225	confirmar Sim (Enter no diálogo)	1	1	false	false	true	OK
FR_TRANSFORMACAO_MEDIDAS_frutas_e_verduras_238789438	226	confirmar Sim (Enter no diálogo)	1	2	false	false	true	OK
FR_TRANSFORMACAO_MEDIDAS_frutas_1604626860	227	digitar valor errado na incógnita (Enter)	0	1	false	false	true	OK
FR_TRANSFORMACAO_MEDIDAS_frutas_1604626860	228	confirmar Sim (Enter no diálogo)	1	1	false	false	true	OK
FR_TRANSFORMACAO_MEDIDAS_frutas_1604626860	229	confirmar Sim (Enter no diálogo)	1	2	false	false	true	OK
FR_TRANSFORMACAO_MEDIDAS_dinheiro_e_brinquedos_1765404383	230	digitar valor errado na incógnita (Enter)	0	1	false	false	true	OK
FR_TRANSFORMACAO_MEDIDAS_dinheiro_e_brinquedos_1765404383	231	confirmar Sim (Enter no diálogo)	1	1	false	false	true	OK
FR_TRANSFORMACAO_MEDIDAS_dinheiro_e_brinquedos_1765404383	232	confirmar Sim (Enter no diálogo)	1	2	false	false	true	OK
FR_TRANSFORMACAO_MEDIDAS_figurinhas_1501838093	233	digitar valor errado na incógnita (Enter)	0	1	false	false	true	OK
FR_TRANSFORMACAO_MEDIDAS_figurinhas_1501838093	234	confirmar Sim (Enter no diálogo)	1	1	false	false	true	OK
FR_TRANSFORMACAO_MEDIDAS_figurinhas_1501838093	235	confirmar Sim (Enter no diálogo)	1	2	false	false	true	OK
FR_COMPOSICAO_TRANSFORMACOES_bolas_1696962596	236	clicar na operação errada (Subtração)	0	0	false	false	true	OK
FR_COMPOSICAO_TRANSFORMACOES_bolas_1696962596	237	clicar na operação errada (Subtração)	0	0	false	false	true	OK
FR_COMPOSICAO_TRANSFORMACOES_bolas_1696962596	238	clicar na operação errada (Subtração)	0	0	true	true	true	OK
FR_COMPOSICAO_TRANSFORMACOES_figurinhas_1095325411	239	clicar no sinal	0	0	false	false	true	OK
FR_COMPOSICAO_TRANSFORMACOES_figurinhas_1095325411	240	digitar valor errado na incógnita (Enter)	0	0	false	false	true	OK
FR_COMPOSICAO_TRANSFORMACOES_figurinhas_1095325411	241	clicar no sinal	0	1	false	false	true	OK
FR_COMPOSICAO_TRANSFORMACOES_figurinhas_1095325411	242	confirmar Sim (Enter no diálogo)	1	1	false	false	true	OK
FR_COMPOSICAO_TRANSFORMACOES_figurinhas_1095325411	243	digitar valor errado na incógnita (Enter)	1	1	false	false	true	OK
FR_COMPOSICAO_TRANSFORMACOES_figurinhas_1095325411	244	clicar no sinal	1	2	false	false	true	OK
FR_COMPOSICAO_TRANSFORMACOES_figurinhas_1095325411	245	confirmar Sim (Enter no diálogo)	2	2	false	false	true	OK
FR_COMPOSICAO_TRANSFORMACOES_figurinhas_1095325411	246	digitar valor errado na incógnita (Enter)	2	2	false	false	true	OK
FR_COMPOSICAO_TRANSFORMACOES_figurinhas_1095325411	247	clicar no sinal	2	3	true	true	true	OK
FR_TRANSFORMACAO_COMPOSTA_DOIS_PASSOS_guloseimas_464948667	248	clicar na operação errada (Subtração)	0	0	false	false	true	OK
FR_TRANSFORMACAO_COMPOSTA_DOIS_PASSOS_guloseimas_464948667	249	clicar na operação errada (Subtração)	0	0	false	false	true	OK
FR_TRANSFORMACAO_COMPOSTA_DOIS_PASSOS_guloseimas_464948667	250	clicar na operação errada (Subtração)	0	0	true	true	true	OK
FR_TRANSFORMACAO_COMPOSTA_DOIS_PASSOS_chocolates_450698522	251	clicar na operação errada (Soma)	0	0	false	false	true	OK
FR_TRANSFORMACAO_COMPOSTA_DOIS_PASSOS_chocolates_450698522	252	clicar na operação errada (Soma)	0	0	false	false	true	OK
FR_TRANSFORMACAO_COMPOSTA_DOIS_PASSOS_chocolates_450698522	253	clicar na operação errada (Soma)	0	0	true	true	true	OK
FR_COMPOSICAO_TRANSFORMACAO_MEDIDAS_flores_1386707023	254	digitar valor errado na incógnita (Enter)	0	1	false	false	true	OK
FR_COMPOSICAO_TRANSFORMACAO_MEDIDAS_flores_1386707023	255	confirmar Sim (Enter no diálogo)	1	1	false	false	true	OK
FR_COMPOSICAO_TRANSFORMACAO_MEDIDAS_flores_1386707023	256	confirmar Sim (Enter no diálogo)	1	2	false	false	true	OK
FR_COMPARACAO_MEDIDAS_dinheiro_1566253774	257	digitar valor errado na incógnita (Enter)	0	1	false	false	true	OK
FR_COMPARACAO_MEDIDAS_dinheiro_1566253774	258	confirmar Sim (Enter no diálogo)	1	1	false	false	true	OK
FR_COMPARACAO_MEDIDAS_dinheiro_1566253774	259	confirmar Sim (Enter no diálogo)	1	2	false	false	true	OK
FR_COMPARACAO_MEDIDAS_dinheiro_1582050380	260	digitar valor errado na incógnita (Enter)	0	1	false	false	true	OK
FR_COMPARACAO_MEDIDAS_dinheiro_1582050380	261	confirmar Sim (Enter no diálogo)	1	1	false	false	true	OK
FR_COMPARACAO_MEDIDAS_dinheiro_1582050380	262	confirmar Sim (Enter no diálogo)	1	2	false	false	true	OK
FR_COMPARACAO_MEDIDAS_bolas_642715490	263	digitar valor errado na incógnita (Enter)	0	1	false	false	true	OK
FR_COMPARACAO_MEDIDAS_bolas_642715490	264	confirmar Sim (Enter no diálogo)	1	1	false	false	true	OK
FR_COMPARACAO_MEDIDAS_bolas_642715490	265	confirmar Sim (Enter no diálogo)	1	2	false	false	true	OK
FR_COMPARACAO_MEDIDAS_carrinhos_2108625552	266	clicar no sinal	0	0	false	false	true	OK
FR_COMPARACAO_MEDIDAS_carrinhos_2108625552	267	digitar valor errado na incógnita (Enter)	0	0	false	false	true	OK
FR_COMPARACAO_MEDIDAS_carrinhos_2108625552	268	clicar no sinal	0	1	false	false	true	OK
FR_COMPARACAO_MEDIDAS_carrinhos_2108625552	269	confirmar Sim (Enter no diálogo)	1	1	false	false	true	OK
FR_COMPARACAO_MEDIDAS_carrinhos_2108625552	270	digitar valor errado na incógnita (Enter)	1	1	false	false	true	OK
FR_COMPARACAO_MEDIDAS_carrinhos_2108625552	271	clicar no sinal	1	1	false	false	true	OK
FR_COMPARACAO_MEDIDAS_carrinhos_2108625552	272	digitar valor errado na incógnita (Enter)	1	1	false	false	true	OK
FR_COMPARACAO_MEDIDAS_carrinhos_2108625552	273	clicar no sinal	1	2	false	false	true	OK
FR_COMPARACAO_MEDIDAS_carrinhos_2108625552	274	confirmar Sim (Enter no diálogo)	2	2	false	false	true	OK
FR_COMPARACAO_MEDIDAS_carrinhos_2108625552	275	digitar valor errado na incógnita (Enter)	2	2	false	false	true	OK
FR_COMPARACAO_MEDIDAS_carrinhos_2108625552	276	clicar no sinal	2	2	false	false	true	OK
FR_COMPARACAO_MEDIDAS_carrinhos_2108625552	277	digitar valor errado na incógnita (Enter)	2	2	false	false	true	OK
FR_COMPARACAO_MEDIDAS_carrinhos_2108625552	278	clicar no sinal	2	2	false	false	true	OK
FR_COMPARACAO_MEDIDAS_carrinhos_2108625552	279	digitar valor errado na incógnita (Enter)	2	2	false	false	true	OK
FR_COMPARACAO_MEDIDAS_carrinhos_2108625552	280	clicar no sinal	2	3	true	true	true	OK
FR_COMPARACAO_MEDIDAS_cds_268242115	281	digitar valor errado na incógnita (Enter)	0	1	false	false	true	OK
FR_COMPARACAO_MEDIDAS_cds_268242115	282	confirmar Sim (Enter no diálogo)	1	1	false	false	true	OK
FR_COMPARACAO_MEDIDAS_cds_268242115	283	confirmar Sim (Enter no diálogo)	1	2	false	false	true	OK
FR_COMPARACAO_MEDIDAS_dinheiro_1556037952	284	digitar valor errado na incógnita (Enter)	0	1	false	false	true	OK
FR_COMPARACAO_MEDIDAS_dinheiro_1556037952	285	confirmar Sim (Enter no diálogo)	1	1	false	false	true	OK
FR_COMPARACAO_MEDIDAS_dinheiro_1556037952	286	confirmar Sim (Enter no diálogo)	1	2	false	false	true	OK
FR_TRANSFORMACAO_RELACAO_bonecas_405276910	287	clicar na operação errada (Soma)	0	0	false	false	true	OK
FR_TRANSFORMACAO_RELACAO_bonecas_405276910	288	clicar na operação errada (Soma)	0	0	false	false	true	OK
FR_TRANSFORMACAO_RELACAO_bonecas_405276910	289	clicar na operação errada (Soma)	0	0	true	true	true	OK
FR_TRANSFORMACAO_RELACAO_figurinhas_491362201	290	digitar valor errado na incógnita (Enter)	0	0	false	false	true	OK
FR_TRANSFORMACAO_RELACAO_figurinhas_491362201	291	clicar no sinal	0	1	false	false	true	OK
FR_TRANSFORMACAO_RELACAO_figurinhas_491362201	292	confirmar Sim (Enter no diálogo)	1	1	false	false	true	OK
FR_TRANSFORMACAO_RELACAO_figurinhas_491362201	293	digitar valor errado na incógnita (Enter)	1	1	false	false	true	OK
FR_TRANSFORMACAO_RELACAO_figurinhas_491362201	294	clicar no sinal	1	2	false	false	true	OK
FR_TRANSFORMACAO_RELACAO_figurinhas_491362201	295	confirmar Sim (Enter no diálogo)	2	2	false	false	true	OK
FR_TRANSFORMACAO_RELACAO_figurinhas_491362201	296	digitar valor errado na incógnita (Enter)	2	2	false	false	true	OK
FR_TRANSFORMACAO_RELACAO_figurinhas_491362201	297	clicar no sinal	2	3	true	true	true	OK
FR_COMPOSICAO_RELACOES_idades_1667173613	298	clicar na operação errada (Subtração)	0	0	false	false	true	OK
FR_COMPOSICAO_RELACOES_idades_1667173613	299	clicar na operação errada (Subtração)	0	0	false	false	true	OK
FR_COMPOSICAO_RELACOES_idades_1667173613	300	clicar na operação errada (Subtração)	0	0	true	true	true	OK
FR_COMPOSICAO_RELACOES_dinheiro_1876731889	301	clicar no sinal	0	0	false	false	true	OK
FR_COMPOSICAO_RELACOES_dinheiro_1876731889	302	digitar valor errado na incógnita (Enter)	0	0	false	false	true	OK
FR_COMPOSICAO_RELACOES_dinheiro_1876731889	303	clicar no sinal	0	1	false	false	true	OK
FR_COMPOSICAO_RELACOES_dinheiro_1876731889	304	confirmar Sim (Enter no diálogo)	1	1	false	false	true	OK
FR_COMPOSICAO_RELACOES_dinheiro_1876731889	305	digitar valor errado na incógnita (Enter)	1	1	false	false	true	OK
FR_COMPOSICAO_RELACOES_dinheiro_1876731889	306	clicar no sinal	1	2	false	false	true	OK
FR_COMPOSICAO_RELACOES_dinheiro_1876731889	307	confirmar Sim (Enter no diálogo)	2	2	false	false	true	OK
FR_COMPOSICAO_RELACOES_dinheiro_1876731889	308	digitar valor errado na incógnita (Enter)	2	2	false	false	true	OK
FR_COMPOSICAO_RELACOES_dinheiro_1876731889	309	clicar no sinal	2	3	true	true	true	OK
